1001Q;2;1;1;i;s;f;1;NA;NA;1;k;NA;ks;5;k;s;NA;k;k;5;2;2;1;2;1;2;1;2;k;k;n;1;2;1;2;k;k;2;k;1;n,ff;k;6;1;2;1;1;1
1005Q;2;2;1;sp;x;f;1;NA;NA;NA;f;35214;f;5;sp;k;fk;i;f;5;1;2;1;2;2;2;1;2;k;k;k;1;1;1;2;ks;f;2;k;k;n,fk;sp;5;2;2;2;1;1
2152Q;2;2;1;sp;s;f;1;2;2;1;f;15243;NA;5;NA;NA;NA;NA;NA;7;NA;NA;NA;NA;NA;2;1;1;k;s;n,ff;1;1;1;2;k;f;2;ab;s;n,ff;k;6;2;2;1;1;1
2156Q;2;0;2;sp;NA;NA;1;2;1;2;d;25143;NA;5;sp;NA;NA;k;k;6;2;1;1;1;2;2;1;2;k;kl,1;n,ff;1;1;2;1;k;kt;2;NA;kl,1;n,ff;k;9;2;2;1;1;1
3303Q;2;2;1;k;k;n;1;2;1;2;k;;f;5;k;p;k;k;k;5;2;2;2;1;2;2;1;2;k;k;n;1;1;2;2;k;f;2;k;k;k;k;7;1;2;1;1;2
3307Q;2;1;2;NA;s;f;2;2;1;1;f;25341;f;5;sp;s;f;k;k;3;1;1;2;2;1;1;2;2;k;s;f;1;1;2;2;k;NA;2;sp;s;f;fp;5;1;2;1;1;2
4454Q;2;2;1;sp;2;n,ff;1;1;2;2;k;;ku;5;ab;1;n,ff;k;k;5;2;2;1;1;1;2;2;1;k;k;n;1;2;1;2;k;k;2;k;ab;NA;fp;6;1;2;1;1;2
1004R;2;1;1;str;s;f;1;1;2;2;d;35241;f;5;sp;s;f;f;f;1;1;2;1;2;2;1;2;1;s;s;f;1;1;2;2;f;ab;2;sp;s;f;fp;6;2;1;2;1;2
2151R;1;1;2;sp;NA;NA;1;2;1;2;f;25134;NA;0;NA;ab;NA;k;p;6;2;2;2;1;1;1;2;2;k;ab;NA;1;2;1;1;ab;NA;0;NA;div,2;n,ub;fp;0;1;2;1;1;2
2155R;2;2;1;k;1;ff;1;2;1;2;k;NA;kr;5;str;ab;NA;k;k;9;2;2;1;1;2;2;1;2;ab;1;n,ff;1;2;2;2;k;NA;2;i;k;int;k;5;1;2;1;1;1
3302R;2;1;2;sp;2;ff;1;2;1;1;f;25341;ab;0;str;NA;NA;p;f;7;1;2;1;2;2;2;1;2;k;ab;NA;1;1;2;2;ab;f;2;sp;4;ff;fp;6;1;2;1;1;2
3306R;2;2;1;sp;k;n;1;2;1;2;f;25134;f;5;sp;k;k;i;f;6;2;2;1;2;1;2;1;2;k;ab;NA;1;1;2;2;f;f;2;sp;s;f;k;6;2;2;2;1;1
4453R;2;2;2;k;k;k;2;1;1;2;f;45123;kt;5;str;s;f;k;k;5;2;1;1;1;2;2;1;2;NA;k;n;1;1;2;2;k;NA;2;k;1;ff;k;5;1;2;1;1;2
1003S;2;2;1;k;k;k;1;NA;1;NA;k;NA;f;5;k;1;k;k;k;5;2;2;2;1;1;2;1;2;k;k;n;1;2;1;1;ks;f;2;sp;k;k;k;5;NA;NA;1;1;NA
1007S;2;1;2;sp;s;f;1;2;2;1;d;25143;f;0;NA;s;f;k;f;2;2;2;2;1;2;2;1;1;k;s;f;2;1;1;1;NA;f;0;sp;ab;NA;k;2;2;1;1;1;2
2154S;2;2;1;k;k;k;1;2;1;2;k;NA;k;5;k;k;k;k;k;5;2;2;1;1;1;2;1;2;k;k;n;1;1;2;2;k;k;2;k;k;n;k;5;2;2;1;1;2
3301S;2;2;1;NA;1;ff;1;2;1;2;d;25143;ku;5;k;1;ff;k;k;5;2;2;2;1;1;2;1;2;NA;k;n;1;2;1;2;k;ab;2;NA;ab;NA;k;NA;2;2;1;1;2
3305S;2;2;1;k;k;k;1;2;1;2;k;NA;ks;5;sp;k;k;k;k;5;2;2;1;1;1;2;1;2;i;k;n;1;1;2;2;k;NA;2;k;ab;NA;k;6;1;2;1;1;2
4452S;2;2;1;NA;ab;NA;1;2;1;2;d;25143;NA;5;k;k;k;NA;NA;5;2;2;1;1;2;2;1;2;NA;k;n;1;2;1;2;k;NA;2;NA;k;int;NA;6;2;1;1;1;2
4456S;2;2;1;sp;1;ff;1;2;2;2;k;NA;ku;5;k;k;int;k;k;5;2;2;2;1;2;2;1;2;k;kl;ff;1;2;1;2;k;k;2;k;k;int;k;5;2;2;1;1;1
1002T;2;2;1;i;k;n;1;2;1;2;k;NA;ks;5;k;p;k;k;k;5;2;2;1;1;1;2;1;2;k;k;n;1;2;1;2;k;f;2;i;k;int;k;5;2;2;1;1;1
1006T;2;1;2;k;NA;NA;1;1;2;2;f;15423;NA;5;p;NA;NA;k;k;5;2;2;1;1;1;1;2;1;k;NA;NA;2;1;1;2;k;f;0;sp;s;n,ff;fp;5;2;2;1;2;1
2153T;2;1;1;i;s;n;1;2;2;1;f;15423;NA;3;k;s;f;k;k;5;2;1;2;1;1;2;1;2;i;ab;NA;2;1;2;2;NA;NA;2;NA;ab;NA;NA;5;1;2;1;2;1
2157T;1;2;2;k;NA;NA;1;2;1;2;d;25143;ab;5;ab;s;f;k;k;5;2;2;2;1;1;2;2;1;k;ab;NA;1;1;2;2;k;f;2;NA;ab;NA;NA;5;1;2;1;1;2
3304T;2;1;1;sp;x;f;1;2;2;2;k;NA;f;5;ab;k;k;k;k;5;2;1;2;1;2;2;1;1;k;k;n;1;2;1;2;k;k;2;str;1;ff;k;6;1;2;1;1;2
4451T;1;2;2;k;ab;NA;1;2;1;2;k;NA;NA;5;s;k;int;k;k;5;2;2;1;1;1;2;2;1;k;k;n;1;1;2;2;k;NA;2;e;2;f;sp;0;2;2;1;1;2
4676T;2;2;NA;k;1;n,ff;1;2;1;2;k;NA;f;5;p;1;n,ff;k;k;5;2;2;1;1;1;2;1;2;k;k;k;1;1;2;2;k;kt;4;k;1;ff;k;4;2;2;1;1;2
1009Q;2;1;1;sp;ab;NA;1;2;1;2;d;45132;NA;5;sp;s;NA;k;f;5;1;2;1;2;2;2;1;1;k;k;k;1;2;2;2;f;f;2;sp;k;k;k;6;1;2;1;1;2
1013Q;2;1;1;sp;NA;NA;1;2;1;2;f;15423;NA;5;NA;ab;NA;k;f;10;1;2;2;1;2;2;1;1;NA;1;n,ff;1;1;2;2;k;f;2;NA;ab;f;NA;5;2;1;2;1;2
2160Q;2;2;2;NA;k;n;1;2;1;2;d;25143;NA;5;NA;ab;NA;NA;NA;5;NA;NA;NA;NA;NA;2;1;2;k;k;k;1;1;2;2;k;k;2;k;k;n;k;4;2;2;1;1;1
3311Q;2;2;2;NA;NA;NA;1;2;1;1;f;25134;NA;NA;NA;NA;NA;NA;NA;NA;1;2;1;2;2;NA;NA;NA;NA;NA;NA;2;1;2;1;NA;NA;5;NA;NA;NA;NA;NA;NA;NA;NA;NA;NA
4458Q;1;1;1;k;ab;f;2;1;2;1;d;25143;f;5;ab;NA;f;k;NA;2;1;2;1;2;1;2;1;2;p;s;f;1;2;1;2;NA;f;2;NA;ab;f;sp;6;2;1;2;1;2
4462Q;2;1;1;sp;NA;NA;1;1;2;2;k;NA;NA;2;NA;ab;NA;NA;NA;6;1;2;1;2;2;2;2;1;k;s;f;1;1;1;2;NA;f;4;sp;NA;NA;k;0;1;2;1;1;2
1008R;2;2;1;sp;k;n;1;2;2;1;f;25134;f;5;g;ab;NA;i;f;7;1;2;2;2;2;2;1;2;NA;ab;NA;2;2;1;2;f;f;2;s;1;n;k;6;2;2;1;1;2
1012R;2;2;1;NA;2;n,d,ff;2;2;1;2;f;25431;f;6;NA;div;f;NA;NA;2;2;2;1;1;2;2;1;2;k;ab;NA;1;1;2;2;NA;NA;2;NA;2;d,ff;sp;8;2;2;1;1;1
2159R;2;1;2;k;k;n;1;2;1;2;k;NA;f;0;e;s;f;ab;NA;5;2;2;2;1;2;2;1;2;ab;ab;NA;1;2;2;2;k;kt;2;sp;div,3;n,ff;k;9;1;1;1;1;2
2626R;2;2;1;k;k;k;1;2;1;2;k;NA;ku;5;NA;k;k;k;NA;3;1;NA;NA;NA;NA;NA;1;NA;k;k;k;1;2;2;1;u;NA;2;k;k;int;k;5;1;2;1;1;2
3310R;2;2;1;k;1;n,ff;1;2;2;2;k;NA;kt;5;NA;ab;NA;NA;f;3;2;2;NA;1;NA;1;2;2;i;1;n,ff;1;2;1;2;k;NA;2;ab;k;int;k;5;ab;2;1;1;2
4457R;2;2;1;k;1;ff;1;NA;NA;NA;d;25143;ks;5;NA;1,x;f;NA;NA;NA;2;2;2;1;2;NA;NA;NA;NA;x;f;2;2;1;2;NA;NA;2;k;k;n;k;2;2;2;1;1;2
4461R;2;0;0;sp;k;k;1;2;2;2;d;25143;ku;2;NA;kl;ff;k;p;7;1;2;2;2;2;2;1;0;NA;k;k;1;2;1;1;NA;NA;4;sp;kl;ff;k;6;2;2;1;1;2
1011S;2;1;2;sp;1;n,ff;1;1;1;2;k;NA;f;5;k;k;n;k;k;6;2;1;1;1;2;1;2;1;i;s;f;2;1;2;1;ks;NA;2;NA;ab;NA;NA;NA;NA;NA;NA;NA;NA
2158S;2;1;2;NA;NA;NA;1;1;2;2;f;15243;NA;5;NA;NA;NA;NA;NA;NA;NA;NA;NA;NA;NA;1;2;1;k;s;f;1;2;1;NA;NA;NA;2;e;ab;NA;NA;NA;NA;2;NA;NA;1
2162S;2;1;2;sp;k;k;1;2;1;2;d;25143;ab;5;ab;1;k;k;k;6;2;1;1;1;2;1;NA;NA;NA;kl,1;n,ub,ff;1;2;1;2;NA;NA;2;NA;ab;NA;NA;5;1;2;1;1;1
3309S;NA;NA;NA;NA;k;k;1;2;1;2;f;15234;ku;NA;k;div;n,ff;k;k;5;2;2;1;1;1;2;1;1;NA;NA;NA;1;2;2;1;NA;NA;2;NA;ab;NA;NA;NA;2;2;1;1;1
3313S;2;2;1;ab;ab;NA;1;1;2;2;f;15243;NA;5;NA;NA;NA;k;k;NA;2;1;2;2;1;2;1;2;k;NA;NA;1;2;1;2;ab;NA;2;e;ab;NA;k;NA;2;1;1;1;2
4460S;2;2;1;NA;ab;NA;1;2;2;2;f;15243;ku;NA;NA;ab;f;NA;NA;5;1;2;1;2;2;2;2;2;NA;ab;f;1;2;1;NA;NA;NA;2;NA;NA;NA;NA;NA;NA;NA;NA;NA;NA
1010T;1;2;NA;NA;ab;NA;1;1;2;2;d;35124;NA;5;sp;div,1;ff;NA;NA;5;2;1;2;1;1;2;1;2;NA;1;ff;1;2;1;1;NA;ks;2;NA;g;NA;fp;NA;2;2;1;1;2
2161T;2;2;1;str;x;f;1;2;1;2;f;25341;ku;5;sp;k;k;i;f;5;2;1;2;1;1;2;1;2;k;k;n;1;2;1;2;k;ab;2;NA;k;int;k;5;2;2;1;1;2
3308T;1;2;2;sp;ab;NA;1;1;2;2;f;15324;NA;0;k;ab;k;k;p;5;2;2;2;1;2;2;2;1;k;ab;NA;1;2;1;2;k;k;0;NA;ab;NA;NA;7;1;2;2;2;2
3312T;NA;2;1;sp;x;f;1;2;2;2;k;NA;NA;5;k;k;k;k;k;5;2;2;1;1;1;2;1;1;k;1;ff;1;1;2;2;k;k;2;ab;p;f;NA;5;2;2;1;1;1
4459T;2;0;2;sp;div;f;2;2;1;1;f;15234;NA;5;sp;1,x;f;k;k;5;NA;NA;NA;NA;NA;2;1;1;k;k;k;1;1;2;2;NA;NA;2;NA;s;f;k;2;2;2;1;1;2
1017Q;2;2;1;i;x;f;1;2;1;2;NA;NA;ab;5;NA;k;int;ab;NA;NA;NA;NA;NA;NA;NA;2;1;2;k;k;n;1;2;2;2;NA;NA;2;k;k;fk;NA;NA;2;2;1;1;1
1021Q;2;2;1;k;k;n;1;2;1;2;f;15324;ks;5;k;ab;NA;k;k;5;2;2;1;1;1;2;1;2;k;3;n,ff;1;1;2;2;k;k;2;k;k;nb;k;5;2;2;1;1;1
2164Q;1;1;1;k;s;f;1;NA;1;NA;d;25143;f;5;k;ab;NA;k;k;5;NA;NA;NA;NA;NA;2;2;2;k;k;n;1;1;2;2;k;k;2;k;s;n,ff;k;5;2;2;1;1;2
2168Q;2;2;1;ab;ab;NA;1;NA;NA;NA;f;25134;NA;2;sp;1;n,ff;NA;NA;5;NA;1;NA;NA;NA;2;2;1;k;kl;n,ff;1;1;NA;NA;f;f;2;ab;kl,1;n,ff;k;5;1;NA;1;NA;NA
3315Q;2;2;1;sp;k;n;1;2;1;2;k;NA;ku;5;k;k;k;k;k;5;2;1;1;2;1;2;1;2;k;k;k;1;2;1;2;k;k;2;k;k;k;k;9;2;2;1;1;2
3319Q;2;1;1;sp;k;n;1;2;1;2;k;NA;f;5;k;ab;NA;NA;NA;NA;NA;NA;NA;NA;NA;2;1;1;k;k;k;1;1;2;2;k;kt;2;k;k;k;k;9;2;2;1;1;1
4466Q;2;2;1;k;x;f;1;2;1;2;d;25143;kr;5;e;k;k;k;k;5;2;2;1;2;1;2;1;2;k;k;n;1;2;2;2;k;ks;2;k;k;int;k;5;2;2;1;1;2
4470Q;2;1;1;k;k;n,d;1;2;1;2;d;25143;f;NA;k;k;k;k;k;5;2;2;1;1;1;2;1;1;k;k;k;1;1;2;2;k;k;4;k;k;k;k;5;2;2;1;1;2
1016R;2;1;1;k;k;k;1;2;1;2;k;NA;ks;5;g;k;k;k;k;5;2;2;2;1;1;2;1;1;k;k;n;1;1;2;2;k;k;2;k;k;k;k;5;2;2;1;2;1
1020R;2;1;1;NA;k;k;1;2;2;2;ab;NA512NA;ku;5;NA;ab;NA;NA;NA;NA;NA;NA;NA;NA;NA;2;1;2;NA;NA;NA;NA;NA;NA;NA;NA;NA;2;NA;k;k;NA;5;2;2;1;1;2
2167R;2;1;1;k;k;n;1;2;1;2;k;NA;ks;5;NA;k;n;NA;NA;5;2;1;2;1;1;2;1;1;NA;k;n;1;2;1;2;ks;NA;2;k;k;k;k;5;2;2;1;1;2
2171R;2;2;1;k;k;n;1;2;1;2;f;25134;ku;6;NA;k;k;NA;NA;2;2;2;NA;1;1;2;1;2;NA;k;n;1;2;1;2;NA;NA;2;k;k;int;k;5;2;1;1;1;2
3314R;2;2;1;NA;1;n,ff;1;2;1;2;f;25134;kt;NA;NA;NA;NA;k;f;5;1;2;2;1;2;1;2;2;NA;NA;NA;1;NA;NA;1;k;NA;2;ab;div,3;n,ff;fp;NA;NA;NA;NA;NA;NA
3318R;2;1;1;k;1;n,ff;1;2;2;2;d;35241;ku;5;e;s;f;i;NA;5;1;2;2;2;2;2;1;1;NA;kl;n,ff;2;2;1;1;k;NA;2;k;1;f;k;5;2;2;1;1;2
4465R;2;1;1;k;k;k;1;2;1;2;k;NA;f;5;ab;s;f;ab;NA;5;2;2;2;1;NA;2;1;1;k;ab;f;NA;NA;NA;NA;NA;NA;2;k;k;nb;k;5;2;2;1;1;2
4678R;2;2;1;k;k;n;1;2;1;2;k;NA;k;5;ab;ab;NA;NA;NA;NA;NA;NA;NA;NA;NA;NA;NA;NA;NA;NA;NA;NA;NA;NA;NA;NA;NA;2;k;ab;NA;k;5;2;2;1;1;2
1015S;2;2;1;k;k;k;1;2;1;2;d;45132;f;5;p;kl;ff;k;k;5;2;2;1;1;1;2;1;2;k;k;n;1;1;2;2;k;k;2;k;1;n;k;5;2;2;2;1;1
1019S;2;2;2;k;k;k;1;2;2;2;k;NA;f;4;k;NA;f;k;k;5;2;2;1;1;1;2;2;2;k;ab;NA;1;2;1;2;k;f;2;k;ab;f;k;5;2;2;1;1;1
2170S;2;2;1;NA;kl;ff;1;2;2;1;f;25431;f;6;sp;ab;NA;NA;NA;NA;2;1;1;1;2;1;2;2;NA;kl,1;n,ff;1;2;1;2;k;f;NA;sp;s;f;NA;NA;NA;NA;NA;NA;NA
3317S;2;2;2;k;2;n,ff;1;2;2;2;d;25143;k;2;k;k;int;k;k;5;2;2;1;2;1;NA;NA;NA;i;k;n;1;2;1;2;ks;ab;NA;k;s;f;k;5;2;2;1;1;1
4468S;2;2;1;k;k;k;1;2;1;2;k;NA;ku;5;k;k;k;k;k;4;1;2;2;2;1;2;1;2;k;k;n;1;2;2;2;f;k;2;k;1;n,ff;fp;NA;NA;NA;NA;NA;NA
1014T;2;1;1;k;k;n;1;2;2;2;k;NA;k;5;k;1;ff;k;k;5;2;2;1;1;1;2;1;1;k;k;k;1;2;1;2;ks;k;2;k;k;k;k;5;2;2;1;1;2
1018T;2;2;1;k;s;f;1;2;1;2;d;45132;f;0;k;s;f;k;d;NA;2;0;1;2;1;1;2;1;k;ab;f;1;1;2;1;k;f;2;nl,e;s;fk;k;6;1;2;1;1;1
2165T;2;1;2;sp;NA;NA;1;2;NA;NA;NA;NA;NA;NA;NA;s;ff;NA;NA;5;1;2;NA;NA;NA;2;1;1;p;kl;ff;1;NA;NA;NA;NA;NA;ab;ab;s;ff;k;6;2;2;1;2;1
2169T;2;1;2;k;ab;NA;2;1;2;1;NA;NA;ab;5;g;k;f;k;k;10;NA;NA;1;1;NA;2;1;2;k;2;f;1;1;2;2;ks;ab;2;NA;k;int;k;5;ab;NA;1;1;NA
3320T;2;1;1;k;1;n,ff;1;2;1;2;d;15342;NA;5;k;k;k;k;k;5;2;2;1;1;1;2;1;1;k;k;k;1;1;2;2;k;ku;2;k;1;ff;k;2;2;2;1;1;2
3366T;2;1;1;ab;ab;NA;1;2;2;2;d;25143;ab;5;e;ab;NA;p;NA;5;2;2;1;1;1;2;1;1;k;ab;NA;1;2;1;2;k;ab;0;e;ab;NA;k;5;2;2;1;1;2
4463T;1;1;2;k;sp;n;1;2;1;2;f;15243;f;5;sp;k;n;k;k;5;2;2;1;1;1;2;1;1;k;k;k;1;1;2;2;NA;k;3;k;NA;NA;k;9;NA;NA;1;NA;NA
4471T;2;1;1;k;k;n;NA;NA;NA;NA;NA;NA;NA;5;k;k;k;k;k;5;1;2;2;1;2;2;1;1;k;k;n;1;2;1;2;k;NA;2;k;k;fk;k;5;2;2;1;1;2
1605Q;1;2;2;sp;NA;f;1;1;2;2;d;25143;f;6;ab;NA;f;k;f;9;1;2;1;1;2;0;NA;1;k;NA;NA;1;1;2;2;ks;f;3;ab;kl;f;k;6;2;1;1;1;2
2172Q;1;1;1;ab;ab;f;1;2;2;1;d;25143;f;2;ab;ab;f;p;f;5;2;1;2;1;1;2;1;2;k;ab;NA;2;2;1;2;k;NA;4;NA;ab;f;k;9;2;2;1;1;2
3323Q;2;1;1;sp;NA;NA;1;2;1;2;f;15432;NA;0;ab;NA;NA;k;f;NA;2;1;1;2;1;NA;NA;NA;k;s;f;1;2;2;2;k;NA;0;i;NA;NA;fp;5;1;2;1;1;1
4679Q;2;1;1;NA;ab;NA;1;2;1;2;f;25134;f;5;NA;NA;NA;NA;NA;5;2;1;2;1;1;2;1;1;NA;ab;NA;1;1;2;1;k;NA;2;NA;ab;NA;k;2;1;2;1;1;2
1024R;2;1;2;k;NA;NA;1;1;2;1;f;15243;ks;5;ab;ab;NA;k;k;5;1;2;2;2;2;2;1;2;NA;NA;NA;1;1;NA;NA;NA;NA;2;i;ab;NA;k;6;2;2;1;1;2
2175R;2;1;1;k;ab;NA;1;2;1;2;k;NA;k;5;k;ab;NA;k;NA;5;2;2;1;2;1;2;1;1;i;NA;NA;1;1;2;2;NA;NA;2;str;ab;NA;k;4;1;2;1;1;2
3322R;2;1;1;k;1;n,ff;1;2;1;2;k;NA;k;5;k;k;k;k;k;3;2;2;1;1;1;2;1;1;k;k;n;1;1;2;2;ks;f;2;str;k;nb;k;4;1;2;1;1;2
4473R;2;1;1;k;NA;NA;1;2;1;2;d;45132;f;5;k;ab;NA;k;k;NA;2;1;1;1;1;2;1;2;k;NA;NA;1;2;1;2;f;NA;2;sp;ab;NA;k;6;1;2;1;1;2
2166S;1;1;2;sp;NA;NA;2;2;1;1;k;NA;NA;5;NA;NA;NA;k;f;1;2;2;1;1;2;2;1;1;ab;NA;NA;1;2;1;1;NA;NA;NA;ab;NA;NA;sp;2;2;1;1;2;1
2174S;2;1;1;k;k;n;1;2;2;2;k;NA;f;5;k;3;f;k;k;5;2;2;1;1;2;2;1;2;p;2;n,ff;1;2;1;2;f;f;2;i;2;n,ff;k;6;1;2;1;1;2
3321S;1;2;1;sp;ab;f;2;1;2;1;k;NA;f;5;p;ab;f;k;d;1;1;2;1;2;1;2;1;2;p;2;f;1;2;1;1;k;NA;5;k;ab;NA;k;6;2;2;1;1;1
3325S;2;1;1;i;s;f;1;2;1;2;d;45132;f;6;k;1;f;k;k;5;2;1;2;1;1;2;2;1;k;4;n,ff;1;1;2;2;NA;f;2;i;k;int;k;2;2;2;1;1;2
4464S;NA;NA;NA;sp;ab;NA;1;2;2;2;k;NA;ku;2;g,p;p,g;k;k;k;5;2;2;1;1;1;1;2;2;p;s;f;1;1;2;2;ks;f;2;k;ab;NA;k;6;2;2;1;1;1
4472S;2;0;1;k;k;n;1;2;1;2;k;NA;ku;5;k;x;k;k;k;5;2;1;1;1;2;2;1;1;i;ab;f;1;2;1;2;ks;f;2;sp;ab;f;k;8;2;2;2;1;1
1022T;NA;NA;NA;NA;NA;NA;1;2;1;2;NA;NA;NA;2;NA;k;k;NA;NA;NA;1;2;1;2;1;NA;NA;NA;NA;x;f;1;1;2;2;NA;f;2;NA;NA;NA;NA;NA;2;2;1;2;1
2173T;1;2;2;NA;NA;NA;1;2;1;2;d;45132;f;4;NA;NA;NA;NA;NA;5;2;1;1;2;1;1;2;1;p;NA;NA;2;1;2;1;u;NA;5;g;ab;NA;NA;NA;1;2;1;2;2
3324T;2;2;1;k;s;f;1;2;1;2;k;NA;ks;5;k;1;k;k;k;5;2;1;1;1;1;2;1;2;k;x,1;f;2;2;2;2;f;k;2;str;p;n,fk;k;5;2;2;1;1;2
4457T;2;2;1;sp;NA;NA;2;2;1;2;f;25431;NA;5;k;k;k;k;k;ab;1;2;2;1;2;2;1;2;k;k;n;1;2;2;1;NA;NA;2;f;ab;ab;NA;6;1;1;2;1;2
4680T;2;1;1;NA;NA;NA;2;1;2;1;f;25134;NA;NA;NA;NA;NA;k;d;NA;1;2;1;2;1;1;2;1;NA;NA;NA;1;1;2;2;NA;NA;NA;NA;NA;NA;NA;NA;2;1;2;1;2
1029Q;1;2;1;sp;k;n;1;2;1;1;f;15243;f;3;sp;k;ab;k;k;5;1;2;2;2;1;2;1;2;k;k;n;1;2;1;2;k;k;2;k;k;ab;k;5;2;2;1;1;2
2176Q;2;2;1;NA;ab;NA;1;2;1;2;f;15234;NA;3;NA;NA;NA;NA;NA;5;2;2;1;1;1;2;1;1;NA;k;n;1;2;1;2;k;NA;5;NA;k;n;k;9;2;2;1;1;2
2180Q;2;1;2;sp;k;n;2;2;1;1;f;15423;NA;5;NA;k;f;NA;NA;5;2;2;1;1;2;2;2;1;k;k;n;1;2;2;1;k;f;2;NA;k;f;k;5;2;1;2;1;2
3327Q;2;1;2;k;k;k;1;2;1;2;k;NA;NA;5;NA;ab;NA;k;k;6;2;2;2;1;1;2;1;1;k;k;k;1;1;2;NA;k;NA;2;i;k;k;k;9;2;2;1;1;2
3331Q;2;2;1;NA;ab;NA;2;1;1;2;f;15423;ab;1;sp;ab;NA;NA;NA;6;NA;NA;NA;NA;NA;2;1;2;ab;ab;NA;1;2;1;2;NA;f;5;NA;NA;NA;NA;4;NA;NA;NA;NA;NA
4478Q;2;2;1;NA;kl,1;ff;1;2;1;2;f;15243;NA;5;NA;kl,1;ff;p;NA;5;1;2;1;2;2;2;1;2;k;k;k;1;1;2;NA;ks;NA;2;NA;k;int;k;5;2;2;1;1;2
1028R;1;2;1;NA;NA;NA;2;1;2;1;d;45132;NA;2;NA;ab;NA;NA;NA;5;1;2;1;2;1;1;2;1;k;ab;NA;1;2;1;2;NA;NA;2;NA;ab;NA;sp;5;1;2;1;2;1
2179R;2;2;1;sp;k;n;1;1;2;1;k;NA;f;4;NA;ab;NA;k;p;5;1;2;1;2;2;2;1;2;p;ab;NA;1;2;1;1;u;f;5;sp;k;nb;k;5;1;2;1;1;2
3326R;2;2;1;sp;NA;NA;1;2;1;2;f;25134;k;5;NA;s;NA;NA;NA;10;1;2;2;NA;NA;2;1;2;NA;NA;NA;NA;NA;NA;NA;NA;NA;2;sp;NA;NA;k;5;2;2;1;1;1
3330R;2;2;1;k;k;f;2;2;1;2;k;NA;f;5;NA;k;NA;NA;NA;5;1;2;1;2;2;NA;NA;NA;NA;k;f;NA;NA;NA;NA;NA;NA;2;k;k;n;k;5;2;2;1;1;2
4477R;2;2;1;sp;k;k;1;1;1;2;k;NA;f;ab;NA;div;NA;k;k;5;NA;NA;NA;NA;NA;2;1;2;k;NA;NA;1;NA;NA;NA;NA;NA;2;NA;div;ff;k;5;2;2;1;1;2
4481R;2;1;1;k;k;n;2;1;2;2;d;35124;f;5;NA;ab;NA;NA;NA;NA;1;NA;NA;NA;NA;2;1;1;NA;ab;NA;2;1;1;2;k;NA;2;k;div,1;n,ff;k;5;2;2;2;1;1
1023S;2;1;2;NA;NA;NA;1;2;2;1;k;NA;NA;3;str;NA;NA;k;d;5;1;2;2;2;2;1;2;1;ab;NA;NA;2;2;1;2;k;NA;1;sp;ab;NA;k;5;2;1;2;2;2
1027S;2;2;1;sp;k;k;1;2;2;1;k;NA;k;5;sp;div;ff;k;k;5;2;2;2;1;2;2;1;1;i;k;n;1;2;1;2;k;k;2;k;div;f;k;5;2;2;2;1;1
1031S;2;1;1;sp;1;ff;1;2;2;2;k;NA;f;5;sp;s;f;k;p;5;2;2;2;1;1;1;2;1;NA;kl;n,ff;1;2;1;2;k;f;4;i;ab;NA;k;5;2;2;2;1;1
2178S;2;2;1;k;k;k;1;2;1;2;k;NA;f;5;k;k;k;k;k;5;2;1;1;1;2;2;1;2;k;s;f;1;1;1;2;k;ku;2;k;1,x;f;k;5;2;2;1;1;2
3329S;2;1;1;k;1;ff;1;1;NA;NA;k;NA;k;5;p;k;nb;k;k;NA;2;2;2;1;2;2;1;1;k;k;n;1;2;1;2;k;NA;2;k;s;n,ff;k;5;2;2;2;1;1
4476S;2;2;1;k;k;n;1;2;1;2;k;NA;ku;5;k;k;k;k;k;5;2;2;2;1;2;0;0;0;k;ab;NA;1;2;1;2;NA;NA;2;k;k;f;k;5;2;2;1;1;1
4480S;NA;NA;NA;NA;NA;NA;1;2;1;2;f;35421;f;4;NA;ab;NA;k;k;5;NA;NA;NA;NA;NA;1;2;1;NA;NA;NA;2;NA;NA;NA;NA;NA;NA;NA;ab;NA;NA;NA;NA;NA;NA;NA;NA
1026T;2;1;1;k;x;f;1;2;1;2;k;NA;NA;5;k;k;f;k;k;5;2;2;1;1;1;2;1;2;k;1;ff;1;2;1;2;k;k;1;k;1;f;k;5;NA;NA;1;NA;NA
1030T;2;2;1;k;k;n;1;2;2;2;k;NA;k;5;k;1;ff;k;k;5;2;2;2;1;1;2;1;2;k;k;k;1;2;1;2;k;kt;2;k;k;k;fp;2;2;2;1;1;2
2177T;1;2;1;sp;x;n,ff;1;2;1;2;f;25134;NA;2;str;s;f;k;k;5;2;1;1;2;1;2;2;2;k;x;n;1;1;2;2;NA;f;5;NA;div,3,y;n,ff;NA;5;NA;2;1;1;1
2181T;2;2;1;k;k;n;1;2;1;2;k;NA;k;5;sp;k;int;k;k;5;2;2;1;1;1;2;1;2;k;k;n;1;2;1;2;u;k;2;sp;k;nb;fp;5;2;2;1;1;2
3328T;2;2;1;k;NA;NA;1;2;1;2;d;25143;f;5;k;ab;f;k;k;NA;2;2;2;1;2;2;ab;ab;k;ab;f;1;2;1;2;k;ks;2;k;p;int;k;5;2;2;1;1;2
4479T;2;2;1;k;k;n;1;2;1;2;k;NA;f;5;k;k;int;k;k;5;2;2;2;1;2;2;1;2;k;k;k;1;2;1;2;k;ks;2;str;k;int;sp;6;1;2;1;1;2
1037Q;1;1;2;sp;3;n,ff;1;1;2;2;k;NA;f;4;sp;ab;NA;k;k;5;2;1;2;1;2;1;2;2;k;1;n,ff;1;2;2;2;k;kt;4;str;2;n,ff;k;9;2;2;1;1;2
2184Q;2;1;1;i;kl,1,x;f;NA;NA;NA;NA;NA;NA;f;5;s;NA;NA;p;NA;2;1;2;1;2;2;2;1;1;i;NA;NA;1;2;2;1;NA;NA;2;NA;NA;f;k;6;1;1;2;1;2
3335Q;2;2;1;sp;x;f;1;2;2;2;k;NA;f;5;ab;ab;NA;k;k;5;1;2;2;2;1;2;1;1;p;x;f;1;1;1;2;k;ab;2;NA;k;f;fp;5;2;2;1;1;2
4482Q;2;2;1;sp;ab;NA;1;1;2;1;f;15243;ab;4;e;NA;NA;k;p;5;2;2;2;1;2;2;2;1;NA;ab;NA;1;2;2;1;NA;f;2;e;NA;NA;k;5;2;2;1;1;1
4486Q;2;1;1;NA;NA;NA;1;2;1;2;d;25143;NA;5;NA;NA;NA;NA;NA;7;2;2;2;1;1;2;2;1;k;k;n;1;1;2;2;NA;k;2;k;div;n,ff;k;9;2;2;1;1;1
1036R;2;2;1;NA;NA;NA;1;2;2;2;k;NA;ks;1;NA;NA;NA;k;k;NA;2;1;1;2;1;1;2;1;NA;NA;NA;2;1;2;2;k;k;2;NA;NA;NA;k;5;2;2;1;1;1
2183R;2;1;2;NA;NA;NA;1;2;2;1;f;15243;NA;5;NA;ab;NA;NA;NA;5;1;2;1;2;1;2;1;1;NA;NA;NA;1;1;2;2;NA;NA;3;NA;NA;NA;sp;7;2;2;1;1;1
3334R;NA;NA;NA;NA;NA;NA;1;1;2;2;f;15432;f;1;NA;ab;NA;NA;NA;2;2;1;1;2;2;2;1;1;str;NA;NA;1;1;2;2;NA;NA;4;NA;NA;f;NA;NA;NA;NA;NA;NA;NA
4485R;2;1;1;NA;NA;NA;1;2;2;1;f;15423;NA;5;NA;NA;NA;NA;f;NA;NA;NA;NA;NA;NA;2;1;1;NA;NA;NA;1;1;2;2;NA;ab;2;g;NA;NA;k;3;2;1;1;2;2
1035S;2;1;1;i;k;n;2;1;1;2;f;NANANANA1;NA;5;NA;ab;f;k;NA;5;2;2;1;1;1;2;1;1;i;s;f;1;2;2;1;ks;NA;2;i;ab;NA;k;5;1;2;1;1;1
2182S;2;1;1;k;k;k;1;2;2;2;k;NA;ks;5;k;k;fk;k;k;5;2;2;1;1;1;2;1;1;k;k;n;1;1;2;1;k;ku;2;k;div;n,ff;k;5;2;2;1;1;2
2186S;2;2;1;sp;k;n;1;2;1;2;k;NA;ab;5;k;k;k;k;k;6;2;2;2;1;2;2;1;2;k;ab;NA;1;2;1;2;u;NA;2;sp;ab;NA;k;2;1;1;2;1;2
3333S;1;2;1;sp;ab;NA;1;2;1;2;k;NA;f;5;k;ab;NA;k;k;1;1;1;1;2;2;1;2;2;str;ab;NA;1;2;2;1;k;f;4;ab;s;f;k;6;1;1;2;1;2
1034T;1;2;1;sp;1,x;f;1;2;1;1;d;25143;f;4;sp;ab;NA;k;k;5;2;2;2;1;2;2;2;1;k;NA;NA;1;1;1;2;ks;ab;5;NA;NA;NA;sp;6;2;1;1;1;2
3332T;1;2;2;sp;ab;NA;NA;NA;NA;1;f;25134;f;4;k;ab;NA;k;k;8;2;1;2;1;2;2;1;2;k;NA;NA;1;2;1;2;k;f;4;sp;ab;NA;k;9;1;2;2;1;1
3336T;2;2;1;sp;k;n;1;2;1;2;d;35241;NA;5;k;1;ff;k;k;5;2;2;1;1;1;2;1;2;p;k;n;1;2;1;2;ks;kt;2;ab;k;NA;k;4;1;2;1;1;2
4483T;1;2;1;k;1;n,ff;1;1;2;2;d;35241;f;5;k;NA;NA;k;k;10;2;2;1;1;2;2;1;1;k;k;n;1;2;1;1;f;ab;2;ab;div,1;n,ff;k;5;2;2;1;1;1
1041Q;2;1;1;NA;3;n,ff;1;2;1;2;d;45132;f;5;k;3;n,ff;k;k;5;NA;NA;NA;NA;NA;2;1;2;k;1;ff;1;2;1;2;k;ks;2;k;k;fk;k;5;2;2;1;1;2
2188Q;2;1;2;k;k;n;1;2;1;2;f;25431;f;5;k;k;int;k;k;5;2;1;1;1;1;2;1;2;k;k;n;2;1;2;2;k;ku;2;k;k;nb;k;5;2;2;1;1;1
2192Q;2;2;1;k;x;f;1;1;2;2;f;15243;k;5;NA;k;k;k;k;5;2;2;1;2;1;2;1;2;k;2;n,ff;1;NA;0;2;k;k;2;k;k;nb;k;2;2;2;1;1;2
3339Q;2;2;1;k;s;f;1;2;1;2;k;NA;ku;5;k;p;int;k;k;4;2;2;1;1;1;2;1;2;k;k;n;2;1;2;2;k;k;2;k;p;fk;k;4;2;2;1;1;2
4490Q;2;2;1;k;k;n,d;1;2;1;2;k;NA;k;5;k;k;k;k;k;5;2;2;1;1;1;2;2;2;k;k;k;1;1;2;2;k;k;2;k;k;n;k;9;2;2;1;1;1
1040R;2;1;1;k;k;k;1;2;1;2;d;25143;ku;4;sp;k;f;k;k;6;1;2;1;2;2;2;1;2;k;k;n;1;1;2;2;k;k;5;sp;k;fk;k;9;2;2;1;2;2
2187R;1;2;2;k;k;k;1;2;1;1;k;NA;f;5;k;3;f;k;d;6;1;2;2;2;2;1;2;2;p;s;f;1;2;1;2;NA;f;2;sp;k;nb;k;4;1;2;1;1;2
2191R;2;2;2;sp;k;k;1;2;1;2;k;NA;NA;5;NA;ab;NA;k;k;5;2;1;1;1;NA;2;1;2;k;NA;NA;1;NA;NA;NA;NA;NA;2;sp;k;n;k;2;2;2;1;1;2
3338R;2;2;2;k;k;k;1;2;2;2;k;NA;ku;3;sp;s;f;k;k;5;2;2;1;1;1;2;1;2;NA;1,x;f;1;2;1;2;f;NA;2;str;k;k;k;7;2;2;1;1;2
4489R;2;2;1;sp;k;n;1;2;1;2;k;NA;kr;5;NA;1;n,ff;NA;f;5;1;1;2;2;2;2;1;2;k;ab;NA;NA;NA;NA;NA;NA;NA;2;sp;k;int;k;5;2;2;1;1;2
1039S;2;2;1;k;k;k;1;2;1;2;k;NA;ku;5;sp;k;k;k;k;5;2;1;2;1;1;2;1;2;k;ab;NA;1;2;2;1;k;NA;2;k;NA;NA;k;5;2;1;1;1;2
2190S;2;2;1;k;k;n;1;2;1;2;k;NA;f;5;g;k;f;k;k;5;2;2;1;1;1;2;1;1;NA;x;f;1;1;2;2;k;k;2;k;k;int;k;5;2;2;1;1;2
3337S;2;2;1;k;k;n;1;2;1;2;k;NA;k;5;k;k;int;k;k;5;2;2;1;1;2;2;1;2;k;x;f;2;1;2;1;k;f;5;i;k;int;k;5;1;2;1;1;2
3341S;2;2;1;i;s;f;1;2;1;2;f;25134;f;5;str;s;f;k;k;2;2;2;2;1;1;2;1;2;NA;s;f;1;2;1;1;f;f;2;sp;ab;f;sp;2;2;2;1;1;1
4488S;2;2;1;k;k;k;1;2;2;2;k;NA;k;5;k;k;k;k;k;5;2;2;1;1;1;2;1;2;k;k;k;1;1;2;2;k;k;2;k;div,1;ff;k;5;2;2;1;1;1
1038T;1;2;2;NA;ab;NA;1;2;1;2;f;32415;NA;5;ab;kl;f;k;k;0;2;1;2;1;1;2;2;1;NA;ab;NA;1;2;1;2;k;k;2;g;ab;NA;k;6;2;2;1;1;1
1042T;2;1;1;k;k;n,d;1;2;1;2;f;15324;kt;5;k;1;f;k;k;5;2;2;1;1;1;2;1;2;k;k;k;1;2;2;2;k;ks;2;k;1;f;k;5;1;2;1;2;2
2189T;2;2;1;k;1;n,ff;1;2;2;2;d;25143;k;5;k;k;k;k;k;5;2;2;1;1;1;2;1;2;k;1;ff;1;1;2;2;k;ku;2;k;k;n;k;5;2;2;1;1;2
3340T;2;1;2;k;NA;NA;1;2;2;1;f;15432;NA;5;k;NA;NA;k;k;6;1;1;2;2;1;1;1;2;NA;NA;NA;1;1;2;2;NA;NA;2;NA;NA;NA;sp;8;1;2;2;1;1
4487T;2;2;1;k;k;n;1;2;1;2;d;25143;k;5;str;k;k;k;k;5;2;2;1;1;1;2;1;2;k;k;k;1;2;1;2;k;k;2;str;s;f;k;5;2;2;2;1;1
4491T;2;2;1;ab;s;f;1;2;1;2;f;NA51NANA;NA;5;k;k;k;k;k;5;2;2;1;1;1;2;1;2;k;k;k;1;1;1;2;k;k;2;ab;ab;NA;ab;5;2;2;1;1;1
1045Q;2;2;1;sp;k;f;1;2;1;2;f;25134;f;5;e;k;fk;k;f;5;1;2;2;2;1;2;1;2;k;1;n,ff;2;2;1;2;ks;ks;2;k;1,y;f;k;5;1;2;1;1;2
2196Q;2;1;1;sp;s;f;1;1;2;2;f;15324;f;5;NA;s;f;k;k;0;1;2;2;2;1;2;1;1;k;ab;NA;1;1;2;2;NA;NA;2;NA;s;f;k;8;2;2;1;1;2
3343Q;2;2;1;ab;x;f;1;2;2;1;f;25134;f;5;e;1,y;f;NA;NA;5;2;1;1;2;1;2;1;2;k;k;n;1;1;2;2;ks;f;2;e;k;int;k;5;2;2;1;1;2
3347Q;2;2;1;sp;ab;n;NA;NA;NA;NA;NA;NA;f;3;NA;ab;f;k;p;5;NA;NA;NA;NA;NA;2;1;2;k;k;n;1;1;2;2;NA;f;2;k;p;fk;k;5;2;NA;1;1;2
4494Q;2;1;1;NA;k;n;1;2;2;2;f;15243;kr;0;k;ab;NA;k;f;5;1;2;2;2;1;2;1;1;i;k;n;1;1;2;2;k;k;0;str;k;fk;k;5;1;2;1;1;1
4498Q;2;2;1;NA;ab;NA;1;2;1;2;f;15234;NA;5;k;s;f;k;k;5;2;1;2;1;1;2;1;1;k;1;n,ff;1;1;2;1;f;kt;2;i;s;f;k;5;1;1;1;1;1
1044R;2;2;1;sp;k;n;1;2;2;2;k;NA;f;5;sp;NA;NA;NA;NA;2;2;1;2;2;1;2;1;2;k;sp;n;2;1;1;2;NA;NA;2;sp;k;nb;ab;2;2;2;1;1;1
1048R;1;2;1;i;s;f;1;2;1;1;f;45123;ku;4;k;s;f;k;k;8;1;2;2;2;1;2;1;1;k;kl;ff;1;1;2;1;ks;f;2;sp;div,1;ff;k;9;2;2;2;1;1
2195R;2;1;1;k;ab;NA;1;2;2;1;f;45123;ab;5;e;ab;NA;k;f;3;1;2;2;1;2;1;1;2;NA;s;f;1;1;2;1;NA;NA;2;e;ab;NA;sp;0;1;2;1;1;1
3342R;2;2;1;k;k;k;1;2;1;2;k;NA;kt;5;k;s;f;k;k;2;2;1;1;2;1;2;1;2;i;1;ff;1;2;1;2;k;ku;2;k;k;fk;k;5;2;2;1;1;2
4493R;2;2;1;NA;s;f;1;2;1;2;k;NA;ku;4;NA;NA;NA;NA;NA;12;2;2;1;1;2;2;2;1;i;div,1,kl;n,ff;1;2;1;2;f;f;2;g;s;f;k;2;2;2;1;1;2
4497R;2;2;1;sp;ab;NA;NA;NA;NA;NA;d;45132;f;5;NA;ab;NA;NA;NA;NA;1;1;1;2;1;2;1;1;NA;ab;NA;1;2;1;1;f;NA;2;sp;1;ff;k;5;2;2;1;1;2
1043S;2;2;1;k;k;n,ub;1;2;1;2;k;NA;k;5;k;k;fk;k;k;5;2;2;1;1;1;2;1;2;k;k;n;1;1;2;2;k;kt;2;k;k;fk;k;4;2;2;1;1;1
1047S;2;2;1;k;k;k;1;2;2;2;k;NA;ku;5;k;1;ff;k;k;5;2;1;2;1;1;2;1;2;k;k;n;1;2;1;2;k;ks;2;k;k;int;k;5;2;2;1;1;2
2194S;2;1;1;k;ab;NA;1;1;2;2;d;35124;f;5;nl;NA;NA;k;k;5;2;1;2;1;NA;2;1;1;p;s;f;1;2;1;2;f;ks;2;nl;div;f;k;5;2;2;1;1;2
2198S;2;2;1;sp;ab;NA;1;2;1;2;k;NA;f;5;ab;ab;NA;k;k;5;2;2;1;2;1;2;1;2;NA;2;n,ff;1;2;1;1;NA;NA;2;ab;s;f;k;NA;NA;NA;NA;NA;NA
3345S;1;1;2;sp;NA;NA;2;1;2;1;d;35412;NA;0;NA;NA;f;NA;f;6;1;1;1;2;2;2;1;2;k;NA;NA;1;1;2;1;f;ab;0;ab;NA;f;k;2;2;2;1;1;1
4492S;2;1;1;NA;k;n;1;2;2;1;f;25134;NA;5;k;ab;NA;k;k;5;1;2;1;2;1;2;1;1;NA;k;n;1;2;2;1;NA;NA;2;sp;k;NA;k;5;1;2;2;1;2
4496S;2;1;2;sp;k;n;1;2;1;2;d;25143;ku;5;sp;1;n,ff;k;k;5;2;2;1;1;1;2;1;2;k;k;n;1;1;2;2;ks;ku;2;e;1;n,ff;NA;5;2;2;1;1;1
1046T;NA;1;NA;NA;x;f;1;1;2;NA;k;NA;ab;5;p;k;n;k;k;5;NA;NA;NA;NA;NA;2;1;2;NA;k;n;1;1;2;2;ks;NA;2;sp;ab;NA;NA;0;1;2;1;2;2
2193T;2;2;1;sp;k;n;1;2;1;2;f;25134;f;3;k;k;fk;k;k;5;2;2;1;1;1;2;1;2;k;k;k;1;1;2;2;NA;ks;2;k;k;fk;k;5;1;2;1;1;2
3344T;2;1;1;k;k;n;1;2;1;2;k;NA;ks;5;k;k;k;k;k;5;2;2;1;1;1;2;1;2;k;1;ff;1;2;1;2;f;k;2;k;k;fk;k;5;2;2;2;1;1
3348T;2;2;1;k;k;n,ub;1;2;1;2;f;15243;k;5;k;k;int;k;k;5;2;2;1;1;1;2;1;2;k;1;n,ff;1;1;2;2;k;k;2;k;k;int;k;5;2;2;1;1;2
4495T;2;2;1;ab;NA;NA;1;1;1;1;d;25143;f;5;k;1;ff;k;k;5;2;2;1;1;2;2;1;2;k;ab;NA;1;1;2;2;ks;k;2;NA;ab;NA;NA;6;1;1;2;2;2
1049Q;2;2;1;sp;k;n;1;2;1;2;f;25134;f;0;NA;k;NA;k;k;7;2;2;2;1;2;2;1;2;p;k;n;1;2;2;2;k;NA;5;k;k;k;k;5;2;2;1;1;1
1053Q;2;2;1;k;k;k;1;2;1;2;k;NA;f;5;k;k;k;k;k;5;2;2;1;1;1;2;1;2;k;k;k;1;2;1;2;k;f;2;k;k;nb;k;5;2;2;1;1;2
2200Q;2;2;1;k;2;n,ff;1;0;2;2;d;25143;ku;5;k;k;NA;k;k;NA;2;2;1;1;1;2;1;2;k;k;k;1;1;2;2;f;k;2;k;k;nb;k;5;2;2;1;1;1
2204Q;2;NA;1;sp;ab;NA;2;1;2;1;d;25143;NA;5;sp;ab;NA;NA;NA;NA;NA;NA;NA;NA;NA;2;1;2;k;x;n;2;2;1;1;ks;NA;2;sp;k;fk, int;k;NA;2;1;2;1;2
3351Q;2;1;1;sp;ab;NA;1;2;1;2;f;15234;f;5;NA;NA;NA;NA;f;2;1;2;1;2;2;2;1;1;NA;NA;NA;2;1;2;1;f;NA;2;NA;ab;NA;NA;5;2;2;2;1;1
4502Q;2;2;2;NA;x;f;1;2;2;2;k;NA;f;5;k;ab;NA;NA;NA;NA;NA;NA;NA;NA;NA;NA;1;2;k;k;n;1;1;2;2;ks;ks;2;k;k;nb;k;5;2;2;1;1;2
1052R;2;2;1;k;k;k;1;2;1;2;d;25143;ks;5;k;1;n,ff;k;k;2;2;1;1;1;1;2;1;2;k;1;n,ff;1;1;2;2;f;NA;2;k;k;n;k;5;2;2;1;1;2
2199R;2;1;2;sp;NA;NA;1;1;2;1;d;15342;NA;3;NA;NA;NA;NA;NA;5;2;2;1;1;1;2;1;2;NA;NA;NA;1;2;1;1;NA;ab;2;str;ab;NA;sp;5;2;2;1;1;2
2203R;2;1;1;sp;NA;NA;1;2;1;2;d;25143;ku;4;g,e;s;f;k;k;5;2;1;2;1;1;2;2;1;k;s;f;1;2;1;1;u;ab;5;sp;s;n,ff;k;2;2;2;1;1;1
3350R;2;1;1;k;k;k;1;2;1;2;k;NA;kr,ks;5;k;ab;NA;k;k;5;1;2;1;2;1;2;1;1;k;k;n;1;2;1;2;k;f;2;k;k;fk;k;9;2;2;1;1;2
3354R;2;2;1;i;s;f;2;1;1;2;d;35124;f;3;NA;s,1;n,ff;k;f;5;2;2;1;1;1;2;2;1;k;ab;f;2;2;1;1;NA;NA;2;g;div,kl,y;n,ff;k;5;1;2;2;1;1
4501R;2;2;1;k;s,x;f;2;1;1;2;k;NA;f;5;NA;ab;f;NA;NA;5;1;2;1;2;1;2;1;1;p;3,y;f;1;2;1;2;f;f;2;NA;k;f;sp;2;2;1;2;1;2
1051S;2;2;1;sp;x;k;1;2;1;2;k;NA;f;5;k;k;k;k;k;5;2;2;1;1;2;2;1;2;k;ab;f;2;2;1;2;u;ks,ku;2;sp;ab;f;k;4;2;2;1;1;1
1055S;2;1;1;sp;1;n,ff;1;2;1;2;k;NA;f;5;NA;1;k;k;k;8;NA;NA;NA;NA;NA;2;1;1;k;ab;n;1;2;2;1;ks,u;f;2;i;NA;f;k;2;2;1;1;1;2
2202S;2;2;1;k;k;k;1;2;1;2;f;25134;ku;1;k;1;ff;k;k;5;2;2;1;1;1;2;1;2;k;k;n;1;2;1;2;u;f;1;k;k;n;k;5;2;2;1;1;2
3349S;2;2;1;k;k;k;1;2;1;2;k;NA;ku;5;k;k;k;k;k;5;2;2;1;1;1;2;1;2;k;k;k;1;2;1;1;ks,u;NA;2;k;k;int;k;5;2;2;1;1;1
3353S;2;1;1;sp;3;f;1;2;2;2;k;NA;ku;5;sp;1;k;k;k;5;2;2;1;1;2;2;1;1;k;ab;NA;1;2;2;2;ks,u;f;2;nl;kl;int;fp;6;2;2;1;1;2
4500S;2;2;1;k;k;n;1;2;1;2;k;NA;f;5;k;k;n;k;k;5;2;1;1;1;1;2;2;1;k;k;n;1;2;1;2;k;NA;2;sp;2;n,ff;sp;5;2;1;2;2;2
4504S;1;2;1;i;NA;f;1;2;1;2;d;45132;f;5;NA;ab;NA;k;k;5;2;2;1;1;2;2;1;1;k;NA;NA;1;2;1;2;f;NA;2;NA;NA;NA;k;8;1;2;1;1;2
1050T;2;2;1;k;1,x;f;1;2;1;2;d;25143;ku;5;k;1;n,ff;k;k;5;2;2;1;1;2;2;1;2;k;k;n;1;2;1;2;u;ks;2;k;k;fk;k;2;1;2;1;1;2
1054T;2;2;1;k;k;n;1;2;1;2;d;25143;ks;5;k;k;k;k;k;5;2;2;1;1;1;2;1;2;k;k;k;1;2;2;2;k;ks,ku;2;k;s;n,ff;k;5;2;2;1;1;1
2201T;2;2;1;k;k;k;1;2;1;2;k;NA;k;5;k;k;k;k;k;5;2;2;1;1;2;2;1;2;str;k;k;1;1;2;2;k;ku;2;k;k;n;k;5;2;2;1;1;1
3352T;2;2;1;k;k;n;1;2;1;2;f;15432;ks,ku;5;k;1;k;k;k;5;2;2;1;1;1;2;1;2;str;k;k;1;1;2;2;k;ku;2;k;NA;NA;k;5;2;2;1;1;1
4499T;2;2;1;sp;k;n;1;2;1;2;NA;NA;NA;5;k;div,2;ff;k;k;5;2;1;1;1;1;2;1;2;k;k;k;1;2;1;2;k;ks,ku;2;NA;s;n,ff;k;5;1;2;2;1;1
4503T;2;2;1;sp;k;n;1;2;1;2;k;NA;ks,ku;5;sp;k;k;k;k;5;2;2;1;1;1;2;1;2;k;k;k;1;2;1;2;u;k;2;sp;s;n,ff;k;5;2;2;1;1;1
1057Q;2;2;1;k;1;n,ff;1;1;1;2;k;NA;k;5;k;3;n,ff;k;k;6;2;1;2;2;2;2;1;1;k;1;n,ff;1;1;2;2;k;ku;2;k;div;n,ff;k;5;2;2;1;1;2
2208Q;NA;NA;NA;NA;ab;NA;2;1;1;2;f;15234;NA;4;NA;ab;NA;NA;NA;NA;NA;NA;NA;NA;NA;2;2;1;NA;NA;NA;1;1;1;2;NA;NA;1;NA;NA;NA;NA;NA;NA;NA;NA;NA;NA
3355Q;2;NA;NA;NA;k;n;1;NA;NA;NA;f;25431;NA;5;NA;k;NA;NA;NA;0;NA;NA;NA;NA;NA;2;1;2;NA;k;k;NA;2;1;NA;u;NA;2;NA;1,y;f;k;7;2;2;1;2;2
3359Q;2;2;1;sp;1;n,ff;1;2;1;2;u;NA 5132;f;5;NA;ab;NA;NA;NA;6;2;NA;2;2;NA;2;1;2;k;1;f;1;1;2;1;u;NA;2;i;k;int;NA;NA;NA;NA;NA;NA;NA
4506Q;1;2;2;NA;4,x;f;1;2;1;1;f;15234;f;5;k;NA;NA;p;f;NA;NA;NA;NA;NA;NA;2;2;1;NA;ab;NA;1;1;2;2;NA;NA;2;NA;NA;NA;k;6;1;2;1;1;2
4510Q;2;2;2;NA;k;k;2;1;1;2;k;NA;NA;5;NA;1;n;k;p;5;2;2;1;1;1;2;1;1;k;k;k;1;2;1;2;u;ku;2;k;k;k;k;5;1;2;1;1;2
1056R;2;2;1;k;k;k;1;2;1;2;k;NA;k;5;k;1;n,ff;k;k;5;2;1;1;1;1;2;1;2;k;2;n,ff;1;1;2;2;ks;NA;2;k;k;n,int;k;5;2;2;1;1;2
1060R;2;2;1;sp;k;k;1;2;1;2;k;NA;f;5;k;2;n,ff;k;k;0;2;2;2;1;1;2;1;2;k;2;n,ff;1;2;1;2;k;kt;2;sp;kl,1;ff;k;5;1;2;1;1;1
2207R;2;1;2;sp;k;k;1;2;1;2;d;25143;NA;2;sp;ab;NA;k;p;6;1;2;2;2;2;1;2;2;NA;NA;NA;1;NA;NA;NA;NA;NA;4;NA;div;ff;fp;5;1;2;1;2;2
3358R;2;1;1;k;x;f;1;2;2;1;k;NA;ku;5;e;ab;f;NA;f;5;2;1;1;2;1;2;1;1;k;ab;f;1;1;2;2;k;NA;2;k;2;fk,ff;k;6;2;2;1;1;1
4505R;2;1;1;k;ab;NA;NA;NA;NA;NA;NA;NA;NA;4;NA;k;int;NA;NA;5;NA;NA;NA;NA;NA;2;1;2;NA;ab;NA;1;2;1;NA;NA;NA;2;k;ab;NA;k;5;2;2;1;1;2
4509R;2;2;1;k;1;ff;1;2;1;2;k;NA;ku;5;ab;kl;ff,ub;k;k;NA;2;2;1;1;1;2;1;2;k;ab;NA;1;1;2;2;k;NA;2;k;k;k;k;5;2;2;1;1;1
1059S;1;1;1;i;ab;NA;2;2;1;1;k;NA;NA;NA;k;ab;NA;p;NA;5;2;2;1;2;1;2;2;1;i;NA;NA;1;2;2;2;NA;NA;2;sp;NA;NA;NA;4;2;2;2;2;2
2206S;2;2;2;NA;NA;NA;2;1;1;2;f;14352;NA;1;NA;NA;NA;NA;NA;5;1;2;2;1;2;2;2;2;k;NA;NA;1;1;2;2;NA;NA;2;NA;NA;NA;NA;3;1;2;1;1;2
2210S;2;1;2;NA;1;n,ff;1;1;2;2;f;25341;f;5;ab;1;n,ff;k;NA;6;2;1;2;2;1;2;1;2;p;kl,5;n,ff;1;1;2;2;ks;NA;2;NA;s;f;sp;5;1;2;1;1;1
3357S;2;1;2;sp;s;n,ff;1;2;1;2;d;25143;f;5;sp;2;k;k;k;5;2;1;1;2;2;2;1;2;k;ab;NA;1;2;1;2;u;NA;2;sp;ab;NA;sp;14;1;2;1;1;2
4508S;2;0;1;k;k;n;1;2;1;2;f;25134;f;5;k;div,1;n,ff;k;k;NA;2;2;NA;NA;NA;2;1;0;k;ab;NA;1;1;2;2;NA;NA;2;NA;ab;NA;k;NA;2;2;1;1;1
1058T;NA;1;NA;sp;NA;NA;1;NA;1;1;f;15423;ab;NA;NA;div,1;n,ff;k;f;4;2;1;1;1;1;1;1;2;p;3;n,ff;1;2;1;2;ks,u;ks,ku;2;str;ab;f;sp;0;2;2;2;2;1
2205T;1;2;1;sp;ab;NA;1;2;2;1;d;25143;f;5;ab;ab;NA;k;k;7;2;1;1;2;2;2;1;2;k;ab;NA;1;2;1;2;NA;NA;2;NA;ab;NA;k;5;1;2;1;1;2
2209T;2;2;1;NA;NA;NA;1;2;1;2;k;NA;NA;5;NA;1;n;k;k;5;2;2;1;1;1;2;1;2;NA;ab;f;1;2;1;2;u;NA;2;NA;NA;NA;k;5;2;2;1;1;2
3356T;1;2;1;ab;ab;NA;1;2;2;1;f;15423;NA;NA;s;s;f;k;k;5;NA;1;1;2;NA;2;2;1;NA;s;f;1;2;1;2;u;k;2;NA;ab;f;NA;NA;NA;NA;NA;NA;NA
3360T;2;2;1;k;k;k;1;2;1;2;k;NA;ku;5;k;div,1;ff;k;k;5;2;2;1;1;1;2;1;2;k;div;ff;1;2;1;2;u;ku;2;k;div;ff;k;6;2;2;1;1;2
4507T;2;2;1;sp;4;ff;1;1;2;2;f;15324;f;5;k;k;k;k;k;3;2;1;1;1;1;2;1;2;k;k;k;1;1;2;2;u;ku;2;g;s;f;ab;5;1;2;1;1;1
1061Q;2;1;1;sp;ab;NA;1;2;1;2;k;NA;f;5;e;ab;f;NA;f;2;1;2;2;2;1;2;1;2;k;ab;NA;1;1;2;2;ks,u;NA;2;str;ab;NA;k;6;2;2;1;1;2
2212Q;2;2;1;sp;div,x;f;1;2;1;2;d;25143;ab;5;NA;k;n;k;k;10;2;2;1;1;1;2;1;2;NA;s;n,ff;1;2;1;2;NA;NA;2;NA;k;fk;k;6;1;2;1;1;2
3363Q;2;2;1;NA;NA;NA;1;2;1;2;f;15234;NA;5;NA;NA;NA;NA;NA;2;2;1;1;2;1;2;1;2;k;k;k;1;1;2;2;f;ku;2;k;k;fk;k;0;1;2;1;1;2
4514Q;2;1;2;sp;ab;NA;1;1;1;1;f;15243;f;4;e,s;ab;NA;NA;NA;11;2;NA;1;2;1;1;2;1;k;ab;f;1;2;2;1;NA;NA;4;sp;NA;NA;fp;2;1;2;1;1;1
1064R;2;2;1;NA;NA;NA;2;1;2;1;k;NA;NA;5;NA;NA;NA;NA;NA;5;1;2;2;1;2;2;1;2;NA;NA;NA;1;2;1;2;NA;NA;2;NA;div,y;NA;NA;5;2;1;2;1;1
2211R;2;1;1;sp;div,3;n,ff;2;1;1;2;d;25143;f;5;e;ab;NA;NA;NA;0;2;1;1;2;1;2;1;1;ab;ab;NA;2;1;1;2;NA;NA;2;e;ab;f;NA;2;1;1;2;1;2
3362R;1;2;1;sp;ab;NA;2;2;1;1;f;52134;f;1;e;ab;NA;p;NA;NA;2;1;2;1;1;1;2;2;k;NA;NA;2;2;1;1;NA;NA;4;sp;k;int;k;5;2;2;1;1;1
4513R;NA;NA;NA;k;NA;NA;1;2;1;2;f;45132;NA;5;NA;NA;NA;NA;NA;NA;1;2;2;2;1;NA;NA;NA;NA;NA;NA;2;1;1;2;NA;NA;2;NA;ab;NA;fp;9;2;2;1;1;2
1063S;2;1;1;sp;NA;NA;1;2;2;2;f;15243;NA;0;NA;NA;NA;p;f;2;1;2;1;2;1;2;1;2;k;ab;NA;1;1;2;2;NA;NA;0;NA;NA;NA;k;2;2;2;1;1;1
2214S;2;2;2;NA;1;n,ff;NA;NA;NA;NA;f;25134;NA;5;NA;ab;NA;NA;NA;5;NA;NA;NA;NA;NA;1;2;1;NA;NA;NA;2;0;2;2;NA;NA;2;NA;NA;NA;NA;NA;1;1;2;2;1
3361S;2;2;1;NA;NA;NA;1;2;1;1;f;21453;NA;2;NA;NA;NA;NA;NA;NA;2;2;1;2;1;2;1;2;k;ab;NA;1;2;1;1;NA;NA;2;sp;NA;NA;NA;0;2;2;1;2;1
4512S;1;2;1;sp;k;n;1;1;2;2;f;15243;f;5;NA;div,2;n,ff,ub,d;i;f;NA;1;2;1;2;1;1;1;2;k;ab;NA;2;2;1;1;ab;NA;0;NA;NA;NA;fp;NA;1;1;2;1;2
1062T;2;2;1;k;ab;NA;1;2;1;2;f;15243;f;5;k;1;n,ff;k;k;5;1;2;2;2;1;2;1;2;i;1;n,ff;1;2;1;2;k;NA;2;sp;1;n,ff;fp;6;NA;NA;1;1;NA
2213T;2;1;1;sp;ab;NA;1;2;1;2;d;25143;f;5;s;1;n,ff;k;k;5;2;2;1;1;2;2;1;2;i;k;n;1;2;1;2;ks,u;kt,ku;2;k;ab;f;fp;5;1;2;1;1;2
3364T;2;1;1;sp;k;n;1;1;2;2;d;15342;f;5;k;1;k;k;k;5;2;2;1;1;1;2;1;1;k;x;k;1;1;1;2;ks;f;2;sp;k;int;k;7;1;1;2;2;2
4311T;2;1;1;sp;NA;NA;2;1;2;1;f;15423;NA;4;k;s;n,ff,d;k;k;2;1;2;2;1;2;2;1;1;k;s;n,ff;1;1;2;2;NA;NA;5;e;ab;f;sp;5;1;1;2;2;1
1065Q;2;2;2;sp;k;n;1;2;NA;2;k;NA;f;5;k;k;k;k;k;5;2;2;1;2;1;2;2;2;k;k;k;1;2;1;2;u;k;2;k;k;k;k;9;2;2;1;1;1
1069Q;NA;NA;NA;NA;k;n;1;2;1;2;k;NA;NA;3;NA;k;k;NA;NA;5;2;2;NA;NA;NA;2;1;1;NA;1;n,ff;1;1;2;2;u;NA;5;NA;2;n,ff;k;8;2;2;1;1;2
2216Q;1;2;1;sp;NA;NA;1;2;1;2;NA;NA;NA;1;k;NA;f;k;k;4;1;2;1;2;1;2;1;2;k;NA;NA;2;1;2;1;NA;NA;3;NA;NA;NA;NA;6;2;1;2;1;2
2220Q;2;2;2;i;k;n;1;2;1;2;d;15342;ku;5;k;k;k;k;k;5;2;2;2;1;2;2;1;2;p;1;n,ff;1;1;2;2;k;ku;2;k;k;int;k;6;2;2;1;1;2
3367Q;2;1;1;NA;s;NA;1;2;1;2;d;25143;NA;5;ab;NA;NA;k;p;NA;2;1;1;2;1;2;1;2;k;k;n;1;2;1;NA;u;ku;2;k;k;int;k;5;1;2;1;1;2
3371Q;2;2;1;sp;k;n;1;2;1;2;k;NA;NA;5;k;ab;NA;NA;NA;NA;NA;NA;NA;NA;NA;2;1;2;k;k;n;1;1;2;2;k;k;2;k;k;nb;k;NA;NA;NA;NA;NA;NA
4518Q;2;2;1;sp;k;k;1;2;1;2;k;NA;f;5;k;k;k;k;k;5;2;1;1;2;1;2;1;2;k;k;k;1;1;2;2;k;ku;2;k;k;k;k;5;2;2;1;1;2
1068R;2;2;1;k;k;k;1;2;1;2;f;25134;f;5;ab;k;n;NA;NA;5;1;2;1;2;2;2;1;2;NA;1;n,ff;1;2;1;NA;f;NA;2;k;2;n,ff;k;9;2;2;1;1;1
2215R;2;1;1;k;k;n;1;2;1;2;k;NA;ku;5;nl;k;n;k;k;5;2;1;2;1;2;2;1;0;k;k;n;1;2;2;2;u;NA;2;i;k;fk;k;5;2;2;1;1;2
2219R;2;2;1;k;k;k;1;2;1;2;k;NA;ku;5;k;k;k;k;k;5;2;2;1;1;1;2;1;2;k;k;k;1;1;2;2;k;ku;2;k;k;fk;k;0;2;2;1;1;2
3366R;2;2;1;k;k;k;1;2;1;2;k;NA;f;5;NA;k;k;NA;NA;5;1;NA;NA;NA;NA;2;1;2;k;k;k;1;1;NA;NA;f;NA;2;k;k;nb;k;5;2;2;1;1;2
3370R;2;2;1;k;k;n;1;1;1;2;k;NA;ku;5;k;1;fk;k;k;5;2;2;1;1;1;2;1;2;k;2;n,ff;1;1;2;2;NA;f;2;k;1;n,ff;k;5;2;1;1;1;2
4517R;1;2;1;sp;2;ff;1;2;2;2;k;NA;f;4;k;s;f;k;k;6;2;2;1;1;2;1;2;1;k;ab;NA;1;2;2;2;f;f;4;sp;div,1;n,ff;fp;7;1;2;1;1;2
1067S;2;2;1;ab;k;k;1;2;1;2;d;25143;ks,ku;5;NA;1;ff,fk;k;k;5;2;1;1;2;1;2;1;1;k;ab;NA;1;2;1;NA;NA;NA;2;sp;ab;NA;sp;5;NA;NA;NA;NA;1
1071S;NA;NA;NA;NA;1;n,ff;1;2;1;2;k;NA;NA;NA;NA;k;k;k;k;5;NA;NA;NA;NA;NA;NA;NA;NA;NA;kl,1;n;1;1;2;2;NA;NA;NA;NA;ab;NA;k;NA;NA;NA;NA;NA;NA
2218S;2;2;1;NA;1;ff;1;2;1;2;k;NA;f;5;k;k;k;k;k;5;2;1;1;2;1;2;1;NA;NA;2;n,ff;1;2;1;2;u;f;2;NA;k;int;i;5;NA;NA;NA;NA;NA
3365S;2;2;2;k;k;n;1;2;2;2;k;NA;f;5;k;k;k;k;k;5;NA;NA;NA;NA;NA;2;2;1;NA;k;n;1;1;2;2;NA;NA;2;NA;k;NA;NA;NA;NA;NA;NA;NA;NA
3369S;NA;NA;NA;k;k;n;1;2;1;2;k;NA;k;5;k;k;int,fk;k;k;NA;2;2;1;NA;1;2;2;2;NA;k;n;1;1;2;2;k;f;2;k;ab;NA;NA;NA;NA;NA;NA;NA;NA
4516S;2;2;1;sp;k;k;1;2;1;2;d;25143;k;5;k;1;k;k;k;5;1;2;1;2;1;2;1;2;k;k;n;1;2;1;2;u;kt;2;sp;k;n,int;k;8;2;2;1;1;1
4520S;2;1;1;k;k;k;1;1;1;2;f;45123;f;4;k;1;k;k;k;5;2;1;1;1;2;1;2;1;i;3,y;f;1;2;2;2;u;f;5;i;ab;NA;k;5;2;2;1;1;2
1066T;2;1;1;sp;k;n;1;2;1;2;f;25134;f;5;k;k;k;k;k;5;2;1;1;2;2;2;1;1;k;k;k;1;1;2;2;k;k;2;nl;k;int;k;5;2;2;1;1;2
1070T;2;2;1;sp;div;n,d,ff;1;2;1;2;k;NA;f;5;k;div;f;k;k;5;2;2;2;1;1;2;1;2;i;k;n;1;1;2;2;k;ku;2;e;k;fk;fp;5;1;2;1;1;2
2217T;2;2;1;sp;k;n;1;2;1;2;f;15432;f;5;k;1;ff,fk;k;k;5;1;2;1;2;2;2;1;2;p;1;n,ff;1;2;1;2;k;f;2;sp;k;fk;k;5;2;2;1;1;2
2221T;NA;NA;NA;i;NA;NA;1;1;2;2;k;NA;NA;4;k;k;k;k;k;8;2;1;1;2;2;2;1;2;k;x;k;1;2;1;2;ks;ku;NA;NA;div;n,ff;NA;7;1;2;1;2;2
3368T;NA;NA;NA;NA;NA;NA;1;1;2;2;NA;NA;NA;4;k;ab;NA;k;k;3;2;2;1;2;1;2;1;2;k;ab;f;1;1;2;2;k;k;4;e,nl;ab;NA;i;2;2;2;2;1;1
4515T;1;2;1;sp;ab;NA;1;2;1;2;k;NA;ku;5;k;ab;NA;k;k;5;1;2;2;2;2;2;1;2;k;NA;NA;2;1;2;2;k;ku;4;str;ab;NA;k;5;2;1;2;2;1
4519T;1;2;1;k;k;n;1;2;1;2;d;25143;NA;5;k;2;k;k;k;5;2;1;1;2;1;2;1;2;k;k;k;1;1;2;2;u;ks,ku;2;k;k;fk;k;0;NA;2;1;1;2
1081Q;2;1;1;NA;kl,1;ff;NA;NA;NA;NA;k;NA;NA;NA;NA;2;ff;NA;NA;7;NA;NA;NA;NA;NA;2;1;2;NA;k;k;2;1;2;2;u;NA;2;NA;k;n;k;5;2;2;1;1;1
2228Q;2;2;2;sp;NA;NA;2;2;1;1;f;25314;NA;0;NA;s;f;NA;NA;8;2;2;1;2;1;2;2;2;k;ab;f;2;1;1;1;NA;ku;0;e,nk;ab;NA;k;6;1;1;2;1;2
2232Q;2;1;NA;NA;NA;NA;1;1;2;2;f;45231;NA;4;NA;s;f;NA;NA;6;1;2;2;2;2;1;1;2;NA;NA;NA;1;2;1;2;u;NA;5;sp;s;ff;sp;5;2;1;2;1;2
3379Q;2;2;1;NA;k;k;1;1;2;2;f;25134;NA;5;NA;NA;NA;p;NA;5;2;2;1;2;1;2;1;2;k;k;n;1;2;1;2;k;k;2;sp;k;nb;k;5;2;2;1;1;2
4530Q;2;2;1;NA;x;NA;1;2;1;2;f;15324;f;5;NA;kl;NA;NA;NA;2;NA;NA;NA;NA;NA;2;1;2;NA;k;k;1;1;2;2;u;NA;2;sp;k;NA;k;2;2;2;1;1;2
1080R;2;2;1;NA;NA;NA;1;1;2;1;d;25143;f;5;k;ab;n;k;k;5;2;2;1;2;1;2;1;1;k;NA;NA;1;2;1;1;u;f;2;k;NA;NA;i;6;2;2;2;1;1
2231R;2;2;1;k;k;k;1;1;2;2;k;NA;kr;5;sp;1;n;k;k;5;2;1;2;1;1;2;1;2;k;k;n;1;2;1;2;u;NA;2;k;k;k;k;5;1;2;1;1;2
3378R;1;2;1;sp;ab;NA;1;NA;NA;NA;d;35412;f;NA;NA;div,s,y;f;NA;NA;0;NA;NA;NA;NA;NA;NA;NA;NA;NA;div,kl,3;ff;NA;NA;NA;NA;NA;NA;NA;i;s;f;fp;5;2;2;1;1;2
3382R;2;2;1;k;ab;NA;1;2;2;1;f;15243;NA;1;e;ab;NA;NA;NA;10;1;1;2;2;1;1;2;1;k;NA;NA;2;2;1;1;NA;f;6;NA;div,4;n,ub,ff;k;5;1;2;1;1;2
4529R;1;1;2;sp;s;f;2;1;2;2;d;25143;f;6;NA;s;f;NA;NA;8;1;1;1;2;2;2;2;1;i;NA;NA;1;1;2;1;NA;f;6;g;s;f;fp;9;2;1;1;2;2
1079S;2;1;2;sp;s;f;1;2;1;1;d;25143;f;0;p;ab;NA;k;f;6;1;2;1;2;1;1;1;2;k;s;f;2;2;1;1;k;f;0;e;ab;f;k;5;2;1;1;2;1
2230S;2;1;2;sp;2,x;f;1;2;2;1;k;NA;NA;4;k;1;ff;i;NA;5;2;2;1;2;1;1;1;1;k;NA;NA;1;2;1;1;NA;ab;5;sp;NA;NA;k;2;2;1;2;2;1
3377S;1;2;1;NA;ab;NA;1;2;1;2;k;NA;NA;NA;NA;NA;NA;k;k;2;2;1;2;1;1;2;NA;NA;NA;NA;NA;1;NA;NA;NA;NA;NA;6;NA;NA;NA;NA;NA;2;2;1;1;1
3381S;2;1;1;k;1;f;1;2;2;2;u;NA 5 NA NA NA;ks,ku;5;k;k;int,n;k;k;5;2;2;2;1;1;2;1;1;k;s,x;f;1;2;1;1;NA;NA;2;NA;4,x;f;NA;9;2;2;1;1;2
4528S;2;1;1;k;k;k;1;2;1;2;k;NA;ku;2;k;s;k;k;k;5;2;2;1;1;1;2;1;1;NA;x;NA;1;2;1;1;k;f;1;k;k;nb;fp;6;2;1;1;1;2
4532S;NA;NA;NA;NA;NA;NA;1;2;2;2;k;NA;f;NA;str;NA;NA;k;k;7;1;2;2;1;2;NA;NA;NA;NA;NA;NA;1;NA;NA;2;NA;NA;6;NA;NA;NA;NA;2;NA;NA;NA;NA;NA
1078T;2;1;2;sp;NA;NA;2;1;2;1;f;15423;NA;5;g;s;f;p;f;NA;2;2;2;1;2;1;2;1;k;NA;NA;1;2;1;2;NA;NA;2;e,g;s;f;sp;6;2;1;2;2;2
1082T;2;2;1;sp;k;n;1;2;1;1;u;NA 5 NA NA NA;ku;5;k;k;fk;k;k;5;2;1;1;2;1;2;1;2;i;k;k;1;1;2;2;u;f;2;NA;sp;f;k;5;2;1;1;1;2
2229T;1;1;2;NA;NA;NA;1;NA;1;NA;d;35412;NA;3;NA;NA;NA;NA;NA;5;1;2;1;2;1;2;1;1;NA;NA;NA;1;1;2;1;NA;NA;2;NA;NA;NA;NA;3;1;2;1;1;1
3380T;1;1;2;i;ab;f;2;1;2;2;f;15324;NA;4;g;div,1;n,ff;k;k;9;1;1;1;2;2;1;1;2;k;ab;NA;1;1;1;2;NA;NA;0;e;ab;f;k;4;2;1;1;2;2
4527T;1;2;2;NA;NA;NA;1;2;1;2;f;35421;NA;4;ab;s;f;k;p;7;NA;2;NA;NA;1;2;1;1;NA;ab;NA;2;2;2;1;NA;NA;6;sp;ab;NA;NA;NA;2;1;1;2;1
4531T;2;1;1;nl;k;n;1;2;1;2;f;15432;ku;5;k;1;n,ff;k;k;5;2;2;1;1;1;2;1;1;k;k;n;1;1;2;2;k;k;2;nl;k;int,fk;k;5;1;2;1;1;2
1073Q;2;1;1;sp;ab;f;1;2;1;2;d;25143;NA;5;e;ab;f;NA;f;4;1;NA;NA;NA;NA;2;1;2;str;ab;f;1;2;1;2;k;NA;2;NA;ab;f;k;6;2;2;2;1;1
1077Q;2;2;1;k;k;k;1;2;1;2;k;NA;k;5;k;k;k;k;k;NA;NA;NA;NA;NA;NA;2;1;2;k;k;k;1;1;2;2;k;ku;2;k;k;k;k;6;2;2;1;1;2
2224Q;1;2;2;sp;s;f;1;2;2;2;f;25314;NA;6;sp;s;f;k;k;3;1;2;2;1;2;1;2;1;k;s;f;1;1;2;2;f;f;5;sp;s;f;k;5;2;1;2;2;2
3375Q;2;2;1;sp;s;f;1;2;1;2;f;25134;f;5;k;s;f;k;k;5;2;1;1;1;2;2;1;1;str;1;ff;1;1;2;2;u;f;2;k;2,x;f;k;0;2;2;1;1;2
4522Q;2;1;1;sp;1,kl;n,ff;1;1;1;2;k;NA;f;5;k;div,s,1;n,ff;k;k;6;2;2;1;1;1;2;1;2;k;k;k;1;1;2;2;k;ab;2;NA;div;ff;k;9;2;2;1;1;2
4526Q;1;2;2;k;s,1;n,ff;1;2;2;1;f;25134;f;5;k;s;n,ff;k;k;5;2;2;2;2;2;1;2;2;k;1,x;f;1;2;1;2;u;ku;2;k;k;int;k;5;1;2;1;1;2
1072R;2;0;1;k;k;k;1;2;1;2;k;NA;ks,ku;5;NA;k;k;NA;NA;5;1;2;1;2;2;2;1;0;k;k;n;1;2;1;2;k;NA;2;k;1;ff;k;0;2;2;1;1;2
1076R;2;2;1;k;k;n;1;2;1;2;k;NA;k;5;k;1;k;k;k;5;2;1;1;2;1;2;1;2;k;k;n;NA;NA;NA;NA;NA;NA;2;k;k;nb;k;5;2;2;1;1;2
2223R;1;2;2;sp;k;k;1;1;2;2;k;NA;ab;4;sp;ab;NA;p;NA;NA;2;2;1;NA;NA;1;2;1;k;s,1;n,ff;1;NA;NA;2;NA;NA;5;i;2;ff;i;9;1;2;1;1;1
2227R;2;2;1;k;ab;f;1;2;1;2;k;NA;f;5;p;1;k;k;k;5;2;2;1;2;1;2;1;2;i;ab;f;1;1;2;2;ks;f;2;k;k;nb;k;5;2;2;1;1;2
3374R;2;2;1;k;k;k;1;2;2;2;k;NA;k;5;NA;s;f;k;k;NA;2;2;1;1;2;2;1;2;NA;s;f;1;1;2;2;k;k;2;k;ab;NA;k;3;2;2;1;1;2
4521R;2;1;2;sp;s;f;1;2;2;2;d;35241;f;3;sp;s;f;k;f;10;1;2;1;1;2;2;1;2;k;s;f;1;2;1;2;u;f;1;sp;s;f;k;9;2;2;1;1;2
4525R;2;2;1;sp;k;k;1;2;1;2;k;NA;ku;5;NA;s;f;k;k;5;1;NA;NA;NA;NA;2;1;2;i;1;ff;NA;NA;NA;NA;NA;NA;2;k;k;nb;k;5;2;1;1;1;1
1075S;2;2;1;sp;ab;NA;1;2;1;2;f;35421;f;3;NA;ab;NA;k;k;0;2;1;1;2;1;1;2;2;NA;ab;f;2;1;2;1;NA;NA;5;NA;ab;NA;NA;2;2;2;2;2;1
2222S;2;2;1;sp;k;n;1;1;2;2;k;NA;NA;5;NA;1;ff,int;k;k;5;NA;NA;NA;NA;NA;2;1;2;NA;NA;NA;1;1;2;2;NA;NA;NA;NA;NA;NA;k;NA;NA;NA;NA;NA;NA
2226S;2;1;2;k;1;n,ff;1;1;2;2;k;NA;ku;5;sp;1,x;f;k;k;3;1;2;2;2;1;2;1;1;k;3;n,ff;1;1;2;2;ks;NA;2;k;2;n;k;5;1;2;1;1;2
3373S;2;1;1;sp;s;f;1;NA;1;2;f;15234;kt;4;NA;ab;NA;k;k;5;2;2;NA;1;2;1;2;1;k;s;n,ff;2;2;1;1;f;NA;6;str;s;f;k;NA;NA;NA;NA;NA;NA
4524S;2;2;1;sp;k;n;1;2;1;2;k;NA;ku;5;k;k;k;k;k;5;2;1;1;1;2;2;1;2;k;1;n,ff;1;2;1;2;k;f;2;k;k;int;k;5;2;2;1;1;2
1074T;2;1;1;k;k;k;1;2;1;2;d;25143;k;5;k;k;k;k;k;5;2;2;1;1;2;2;1;1;k;k;k;1;2;1;2;k;ku;2;k;k;k;k;9;2;2;1;1;2
2225T;2;2;1;NA;ab;NA;1;2;1;2;u;NA 51 NA NA;f;5;k;1,x;f;k;k;5;1;2;1;2;NA;2;1;2;k;x;f;1;1;2;2;NA;f;2;NA;ab;f;fp;NA;2;2;1;1;1
3372T;2;1;1;sp;ab;f;1;2;1;2;f;15234;f;5;k;NA;f;k;k;9;2;1;1;2;1;2;1;2;k;NA;NA;1;1;2;2;k;ku;2;e;ab;f;fp;0;1;2;1;1;1
3376T;2;2;1;NA;NA;NA;1;2;2;2;f;15324;NA;5;sp;k;n;k;k;5;2;1;1;1;1;2;1;2;k;k;n;1;2;2;2;k;NA;2;k;k;nb;k;2;2;2;1;1;1
4523T;2;2;1;k;k;n;NA;2;1;2;k;NA;ku;5;k;k;k;k;k;5;2;1;2;1;2;2;1;2;k;k;k;1;2;2;2;u;ku;2;k;k;n;k;5;2;2;1;1;2
1085Q;0;0;0;s;s;f;1;1;1;1;f;15234;f;5;ab;s;f;NA;f;5;2;2;2;1;2;2;2;2;NA;k;k;1;1;2;1;u;NA;2;i;3;ff;NA;NA;NA;NA;NA;NA;NA
1089Q;0;0;0;sp;x;f;1;NA;NA;NA;f;15432;NA;NA;NA;1;k;k;k;6;2;2;2;1;2;2;1;NA;i;k;k;1;1;2;2;u;ku;2;k;k;n;k;5;2;2;1;1;2
2236Q;2;2;1;sp;ab;NA;1;2;2;2;f;15234;f;5;k;NA;NA;k;f;1;1;2;1;1;2;2;1;2;k;ab;n;1;2;1;2;u;f;2;sp;ab;f;k;5;2;2;1;1;2
3383Q;1;2;1;i;1;n,ff;1;2;1;2;d;25143;ku;5;e;1;n,ff;k;k;5;2;2;1;1;1;2;1;1;k;k;k;1;2;1;2;k;ku;2;k;k;k;k;5;1;2;1;1;2
3387Q;2;2;1;sp;NA;NA;1;2;1;2;k;NA;ks,ku;5;k;NA;NA;k;k;6;2;2;1;1;1;2;1;2;k;k;k;1;1;1;2;k;ks;2;k;1;ff;k;5;2;1;1;1;2
4534Q;2;1;2;NA;ab;NA;1;2;2;2;f;15432;NA;0;ab;k;NA;NA;NA;NA;NA;NA;NA;NA;NA;2;1;2;k;ab;NA;1;1;2;2;NA;NA;2;k;ab;NA;k;6;2;2;1;1;1
4538Q;2;1;1;sp;s,1;ff;1;2;1;2;f;45321;NA;0;ab;s;ff;NA;NA;NA;1;2;1;2;2;2;1;2;k;k;k;2;1;2;1;NA;ku;2;sp;3;k;k;5;1;2;1;1;2
1084R;NA;NA;NA;k;NA;NA;1;2;1;1;d;25143;ku;NA;NA;NA;NA;NA;NA;NA;NA;NA;NA;NA;NA;NA;NA;NA;NA;NA;NA;1;NA;NA;NA;NA;NA;1;k;NA;NA;k;2;2;2;1;1;2
1088R;2;2;1;k;k;k;1;2;2;2;d;25143;f;5;NA;k;NA;NA;NA;10;1;2;1;NA;NA;2;1;2;k;kl;ff;2;NA;NA;NA;NA;NA;2;k;2;ff;k;5;1;2;1;1;2
2235R;2;1;1;k;NA;NA;1;2;1;2;d;45132;f;5;e;ab;NA;k;k;5;2;2;1;1;2;2;1;1;k;NA;NA;1;1;1;2;NA;NA;2;k;NA;NA;k;NA;2;2;1;1;2
2239R;2;2;1;NA;ab;NA;1;1;2;2;f;25134;NA;5;e,nl;ab;NA;NA;NA;5;NA;NA;NA;NA;NA;2;1;2;NA;ab;NA;2;1;2;2;NA;NA;2;s;ab;NA;NA;0;1;1;1;1;1
3386R;1;2;2;k;k;n;1;2;1;2;d;45132;ku;5;k;ab;NA;k;k;5;2;2;1;1;1;2;1;2;k;x;f;1;1;2;2;NA;NA;2;k;k;k;k;5;1;2;1;1;2
4533R;2;2;1;sp;k;k;NA;2;1;2;d;25143;k;5;k;ab;NA;k;NA;5;2;2;1;1;1;2;1;2;k;ab;NA;1;NA;1;2;k;f;2;sp;k;int;k;5;2;2;1;1;2
4537R;2;2;1;k;k;n;1;2;1;2;f;25134;kt;4;k;ab;NA;k;k;5;2;2;1;1;2;2;1;2;k;NA;NA;1;1;2;2;NA;ab;2;k;div,1;n,ff;k;4;2;2;1;1;2
1083S;2;1;1;NA;k;k;1;2;1;1;d;25143;f;5;NA;1;int;k;k;6;1;2;1;2;1;2;1;1;NA;ab;NA;1;2;1;2;u;f;2;NA;NA;NA;sp;0;2;1;1;2;2
1087S;2;2;1;k;k;k;1;2;1;2;k;NA;k;5;k;k;k;k;k;5;1;1;2;2;2;2;1;2;k;2;n,ff;1;1;2;2;k;k;2;k;k;n,fk;k;5;2;2;1;1;1
2234S;1;2;2;k;1,x;f;1;2;2;2;f;34251;f;5;k;NA;NA;k;k;6;2;2;1;1;1;2;1;1;ab;ab;NA;1;2;1;2;ks,u;NA;5;sp;ab;NA;k;3;2;2;1;1;1
2238S;2;1;1;sp;k;n;1;2;1;2;d;35124;f;5;sp;2;n,ff;k;p;5;1;1;2;2;2;2;1;1;NA;k;n;1;2;1;1;NA;NA;2;NA;k;n;NA;9;2;1;1;2;1
3385S;2;1;1;k;k;n;1;2;1;2;f;15234;ku;5;k;1;n,ff;k;k;5;2;2;1;1;2;2;1;2;k;s;f;1;1;2;2;f;ab;2;k;ab;NA;k;5;1;2;1;1;1
4536S;2;1;1;sp;k;n;1;NA;1;NA;d;35124;ku;5;sp;ab;NA;k;k;5;2;2;2;1;2;2;1;2;k;ab;NA;1;1;2;0;NA;NA;2;NA;NA;NA;k;6;1;2;1;1;2
1086T;2;1;1;sp;1;n,ff;1;2;2;2;d;35124;f;5;e;div;n,ff;k;k;5;1;2;2;2;1;2;1;1;k;k;n;1;1;2;2;k;f;2;e,nl;ab;f;k;5;1;1;NA;2;2
2233T;2;2;1;sp;s;f;1;2;1;2;f;15243;f;5;k;s;f;k;d;10;2;1;2;1;2;2;1;2;k;s;ub,ff;1;2;1;2;k;f;2;sp;s;f;sp;6;NA;1;NA;1;NA
2237T;2;2;1;k;NA;NA;2;2;1;2;k;NA;NA;5;k;k;k;k;k;5;2;2;1;1;1;2;2;1;k;ab;NA;1;1;2;2;k;NA;NA;k;ab;ab;k;3;2;2;1;1;2
3384T;2;NA;NA;NA;NA;NA;2;1;1;2;f;25134;ab;4;g;NA;NA;k;k;10;1;2;1;2;1;2;2;1;k;ab;NA;1;1;2;1;NA;ab;2;NA;NA;NA;NA;6;2;1;2;2;1
3388T;2;1;2;k;NA;NA;1;2;1;2;f;15324;NA;NA;str;div,1;ff;k;k;5;2;1;1;2;2;NA;NA;NA;k;k;k;1;1;2;2;u;NA;4;NA;NA;NA;k;NA;NA;2;1;1;2
4535T;2;1;2;k;NA;NA;1;2;1;2;f;45231;ku;5;str;div,2,y;f;k;k;5;2;2;1;1;1;2;1;2;k;k;k;1;2;1;2;ks;ku;2;NA;ab;NA;k;5;1;2;1;1;2
1093Q;2;2;1;k;k;n;1;2;1;2;f;25431;f;5;k;NA;NA;NA;NA;NA;NA;NA;NA;NA;NA;2;1;2;k;1;ff;1;2;1;2;k;k;2;k;NA;NA;k;9;2;2;1;1;2
2240Q;2;1;1;NA;x;f;NA;NA;NA;NA;NA;NA;f;ab;NA;2;n,ff;NA;NA;5;NA;NA;NA;NA;NA;2;1;1;NA;k;k;2;2;1;2;NA;NA;1;NA;k;int;k;5;NA;2;NA;NA;NA
2244Q;2;1;1;NA;NA;NA;1;2;1;2;d;25143;ab;5;NA;NA;NA;NA;NA;2;NA;NA;NA;NA;NA;2;1;1;NA;1;n,ff;1;2;2;2;NA;NA;2;NA;k;int;k;9;1;2;1;1;2
3391Q;2;1;2;sp;ab;f;1;1;2;2;f;45123;f;5;NA;sp;f;ab;NA;5;NA;NA;NA;NA;NA;2;1;2;NA;ab;NA;1;1;2;1;f;NA;2;NA;sp;f;NA;8;1;1;2;1;2
3395Q;2;2;1;sp;k;n;1;1;1;2;k;NA;k;5;k;1;n,ff;k;NA;NA;NA;NA;NA;NA;NA;2;1;2;k;k;k;1;1;1;2;k;ku;2;k;k;k;k;5;2;2;1;1;1
4542Q;2;1;1;NA;2;ff;1;2;1;2;f;35421;k;5;NA;ab;f;NA;NA;5;1;2;1;2;2;2;1;1;NA;ab;f;1;1;2;2;k;NA;2;k;ab;NA;k;5;2;2;1;1;2
1092R;1;1;2;NA;NA;NA;1;2;2;1;f;35214;NA;0;NA;NA;NA;NA;NA;1;1;2;2;1;2;2;1;2;NA;NA;NA;1;2;1;1;NA;NA;0;NA;NA;NA;NA;0;1;2;1;2;1
1096R;2;2;1;k;k;n;1;2;2;1;f;15423;k;2;k;1;n,ff;k;k;5;2;1;1;1;1;2;1;2;k;k;n;1;2;1;2;NA;f;NA;k;ab;f;k;5;2;1;1;1;1
2243R;2;2;1;sp;ab;NA;1;2;1;2;NA;NA;NA;NA;NA;ab;NA;NA;NA;NA;NA;NA;NA;NA;NA;NA;NA;NA;NA;NA;NA;1;2;1;2;NA;NA;5;sp;2;n,ff;k;6;1;2;1;2;2
3390R;2;1;1;i;x;f;2;1;2;2;f;32154;f;3;k;NA;f;p;NA;0;1;2;2;2;1;2;1;1;NA;NA;f;1;2;1;1;u;f;2;i;k;int;k;0;2;1;2;1;1
3656R;2;2;1;sp;ab;NA;1;1;2;2;f;45231;f;5;NA;ab;NA;p;NA;2;1;2;1;1;2;1;2;2;k;ab;NA;2;1;2;1;NA;f;2;k;s,x;NA;k;6;2;2;1;1;2
4541R;NA;NA;NA;sp;kl,1,x;f;1;1;1;1;f;45312;f;5;NA;ab;NA;NA;NA;6;NA;NA;NA;NA;NA;2;1;1;NA;ab;NA;1;2;2;1;f;NA;2;g;s;f;k;6;1;NA;1;1;NA
4545R;2;1;2;i;NA;NA;1;2;1;1;f;15432;f;0;k;NA;NA;i;NA;5;1;2;2;2;2;1;2;0;i;NA;NA;1;2;1;2;NA;NA;0;i;NA;NA;k;2;2;1;1;2;1
1091S;2;1;1;sp;ab;f;2;1;2;1;f;51324;ku;5;k;NA;k;k;k;1;2;1;2;1;1;2;1;1;k;ab;NA;2;1;2;1;NA;ku;2;g;ab;f;k;5;2;2;1;1;2
2242S;1;1;1;NA;1,x;f;1;1;NA;NA;d;45132;ku;4;k;ab;NA;k;p;6;2;2;2;1;2;2;1;1;NA;1,x;f;1;2;1;1;ks;NA;2;NA;ab;f;NA;2;2;1;2;1;2
2246S;2;2;1;sp;k;n;1;2;1;2;f;25134;f;5;k;k;k;k;k;5;2;2;1;1;1;2;1;2;k;1;n,ff;1;2;1;2;ks;NA;2;k;k;n;k;6;2;2;1;1;1
3389S;NA;NA;NA;k;s;n,ff;1;2;1;2;k;NA;NA;NA;k;NA;NA;k;k;5;2;1;1;2;1;NA;NA;NA;k;NA;NA;1;2;1;2;NA;NA;2;k;NA;NA;k;NA;2;2;1;1;2
3393S;NA;NA;NA;sp;ab;NA;1;2;2;2;d;25143;ku;3;NA;NA;NA;k;d;5;2;2;2;1;2;NA;NA;NA;i;NA;NA;1;2;1;2;NA;NA;6;NA;ab;NA;NA;5;NA;2;1;1;NA
4540S;2;2;1;k;k;k;1;2;1;2;k;NA;f;5;k;k;k;k;k;5;2;1;1;1;1;2;1;1;k;k;n;1;1;2;2;k;f;2;k;k;n;k;5;2;2;1;1;2
4544S;2;2;1;str;k;n;NA;NA;NA;NA;f;25134;ku;5;k;k;NA;k;k;5;2;2;1;1;1;1;2;2;NA;k;n;1;2;1;2;NA;NA;4;NA;k;n;k;1;2;2;1;1;1
1090T;2;2;1;k;1;n,ff;1;2;2;2;k;NA;k;5;p;div,2;ff;k;k;5;2;1;1;1;1;2;1;2;k;k;k;1;1;2;2;k;ab;2;k;NA;NA;k;5;2;2;1;1;2
1094T;2;2;1;k;3,x;f;1;1;2;2;d;25143;NA;3;k;k;k;k;k;7;1;2;1;2;1;1;1;2;k;ab;f;1;1;2;2;NA;f;0;e;k;int;k;5;2;2;1;1;2
2241T;1;2;1;NA;ab;NA;2;2;1;1;f;25134;NA;3;NA;NA;NA;NA;NA;7;2;2;1;2;1;1;2;1;NA;NA;NA;1;1;2;2;NA;NA;4;e;ab;NA;NA;3;1;2;2;1;2
2245T;2;1;1;sp;NA;NA;1;2;1;2;f;15283;NA;5;g;ab;NA;NA;NA;10;2;2;1;1;NA;2;1;2;k;NA;NA;1;1;2;2;NA;NA;5;g;NA;NA;k;5;2;2;1;1;2
3392T;2;1;2;sp;1;n,ff,ub;1;2;2;2;f;25134;f;5;k;k;k;k;k;5;2;2;1;1;1;2;1;2;k;k;k;1;2;1;1;ks;f;2;i;k;int;sp;3;1;2;1;1;2
4539T;2;2;1;sp;k;n;1;1;2;2;k;NA;f;5;k;k;k;k;k;5;2;2;1;1;2;2;1;2;k;k;k;1;1;2;2;k;ku;2;sp;k;NA;NA;5;1;1;1;1;1
4543T;1;2;1;sp;1;n,ff;1;2;1;2;f;35241;k;5;k;k;k;k;k;5;2;2;1;1;1;2;1;2;k;k;k;1;2;1;2;k;k;2;sp;k;NA;k;5;2;2;1;1;1
1097Q;NA;NA;NA;NA;kl;n,ff;1;2;1;2;k;NA;f;5;k;s;NA;p;f;6;1;2;1;2;1;2;1;1;k;k;n;1;2;1;1;ks;NA;2;NA;k;int;NA;5;2;2;1;1;2
1101Q;1;2;1;NA;ab;NA;1;1;2;1;f;15432;NA;6;NA;NA;NA;p;NA;NA;2;2;1;1;2;2;2;1;k;NA;NA;2;2;1;1;NA;f;4;NA;NA;NA;sp;6;1;2;1;1;1
2248Q;2;2;1;sp;s;n,ff;1;2;1;1;f;15243;ab;2;NA;s;n,ff;NA;NA;6;2;2;1;1;2;2;2;2;k;k;k;1;1;2;2;k;ks,ku;2;k;k;k;k;5;1;2;1;1;1
2252Q;1;2;1;sp;kl;n,ff;2;1;1;2;k;NA;f;5;k;ab;NA;NA;f;5;2;1;2;1;1;2;1;2;k;1;n,ff;1;2;1;2;k;ku;2;k;1;NA;fp;8;1;1;1;1;1
3399Q;2;1;1;i;k;k;1;2;1;2;k;NA;NA;3;k;k;n;k;k;6;2;1;2;1;1;2;1;2;k;1;ff;1;2;2;2;k;ku;2;k;div;ff;k;5;1;2;1;1;2
4546Q;2;1;1;sp;ab;NA;1;2;1;2;u;15 NA NA NA;f;5;k;NA;NA;k;k;5;2;1;2;1;2;2;1;2;k;k;n;1;1;2;2;u;ku;2;k;k;NA;k;5;2;2;1;1;2
4550Q;0;0;0;sp;x;f;2;2;1;2;f;25413;f;5;e;div,1,y;f;ab;f;5;1;2;2;2;1;0;0;0;i;k;n;2;1;2;2;u;ku;2;e;1;n,ff;k;5;2;2;1;1;2
1100R;1;2;1;k;1;n,ff;2;1;2;1;f;25134;f;4;str;s;NA;k;NA;5;NA;NA;NA;NA;NA;2;1;2;k;ab;NA;1;1;2;2;f;f;2;sp;s;NA;fp;5;2;1;1;2;2
2247R;2;1;1;NA;ab;NA;2;1;2;2;f;15423;f;5;e;1;NA;p;NA;0;1;2;1;1;2;NA;1;1;k;ab;f;1;2;1;2;f;NA;2;k;s;f;sp;7;1;2;1;2;2
2251R;2;1;1;sp;s;f;1;2;1;2;d;25143;f;3;e;s;NA;p;NA;5;2;2;1;2;1;1;2;2;k;ab;NA;1;2;1;2;f;f;2;i;ab;fk;sp;6;2;2;1;1;2
3398R;2;2;1;k;1;ff;1;2;2;2;d;35124;k;5;k;1;k;k;k;5;2;2;1;1;1;2;1;2;k;x;f;1;1;2;2;k;f;2;k;k;n;k;5;2;2;1;1;1
3402R;2;2;1;k;NA;NA;1;2;2;1;k;NA;f;1;NA;NA;NA;k;p;2;2;1;2;2;1;1;2;2;k;NA;NA;1;2;1;1;ab;NA;6;k;ab;NA;k;5;2;1;2;1;2
4549R;2;2;2;NA;s;f;1;2;1;2;f;15432;f;4;NA;s;f;NA;NA;5;2;1;1;2;1;2;2;1;i;s;f;1;1;2;1;f;f;5;k;s;f;k;5;1;2;1;1;2
1099S;2;1;1;NA;2;n,ff;1;1;1;2;f;25134;NA;5;NA;div,1;n,ff;k;k;NA;2;1;1;2;2;2;1;1;NA;NA;NA;1;2;1;1;NA;NA;2;NA;NA;NA;k;NA;NA;NA;NA;NA;NA
2250S;2;1;1;sp;k;n;1;NA;NA;NA;k;NA;f;5;sp;k;n;k;k;5;2;NA;NA;1;NA;2;2;1;k;1;n,ff;1;2;2;1;NA;f;0;sp;ab;NA;k;9;2;1;1;2;2
3397S;2;0;1;NA;1;n,ff;1;1;2;2;k;NA;ab;5;NA;s,2;n,ff;k;k;5;1;1;2;2;2;2;1;2;NA;3,x;f;1;1;1;1;NA;NA;5;NA;1;n;k;6;1;2;2;1;1
3401S;2;1;1;sp;s,x;f;2;1;2;2;f;15423;f;0;k;ab;f;k;k;7;1;1;2;2;1;2;1;1;k;ab;f;1;2;1;2;ks,u;f;0;sp;ab;f;sp;0;2;2;1;1;1
4548S;2;2;2;k;k;n,ub;1;2;1;2;k;NA;NA;5;k;k;k;k;k;5;2;2;1;2;1;2;2;1;NA;1;f;1;2;1;1;u;NA;2;NA;k;NA;k;2;2;1;1;2;2
4552S;2;2;1;k;1;n,ff;1;2;1;2;k;NA;f;3;k;k;k;k;k;5;1;2;2;2;2;2;1;1;k;k;n;1;NA;1;2;k;f;2;sp;k;int;k;5;1;1;2;2;2
1098T;2;2;1;sp;1,x;f;1;2;1;2;f;15432;f;5;k;k;k;k;k;5;2;1;NA;1;1;2;1;2;k;k;k;1;2;1;2;ks,u;k;2;k;k;int;k;5;1;2;1;1;2
1102T;2;1;2;NA;NA;NA;NA;NA;NA;NA;NA;NA;NA;5;sp;ab;NA;NA;NA;11;1;1;2;1;2;2;1;1;k;ab;NA;2;1;2;1;NA;NA;2;NA;NA;NA;fp;9;1;2;2;1;1
2249T;2;2;1;k;1,x;NA;2;1;1;2;f;15432;f;4;sp;NA;NA;ab;NA;5;2;2;1;1;1;1;1;2;k;ab;NA;1;1;1;2;f;f;5;NA;NA;NA;sp;5;2;1;2;2;1
3396T;1;1;2;sp;s;f;1;2;1;2;f;45123;f;5;NA;k;k;k;k;5;1;2;1;2;2;2;1;2;NA;x;f;1;1;2;2;u;f;0;NA;k;int;sp;4;2;1;2;1;1
3400T;2;2;1;NA;div,1;n,ff;1;2;1;2;d;25143;f;5;k;div,1;ff;k;k;5;2;1;1;1;2;2;1;2;k;1;ff;1;1;1;2;k;ku;2;NA;div,2;n,ff;NA;5;2;1;1;1;2
4547T;1;2;2;sp;k;n;1;2;1;2;f;25134;f;4;sp;kl,s;ff;k;k;5;2;2;1;1;2;2;1;2;p;k;k;1;1;1;2;f;NA;4;sp;k;n;k;0;2;2;1;1;1
4551T;2;1;2;i;s;f;1;2;2;2;d;25143;f;2;k;ab;NA;NA;f;5;2;2;2;1;2;1;2;2;k;NA;NA;1;2;1;1;NA;NA;4;e;2;f;NA;3;NA;NA;1;NA;NA
1105Q;2;2;1;sp;ab;NA;1;2;2;1;d;25143;f;0;p;ab;NA;k;NA;10;1;1;2;1;2;2;1;2;k;k;n;1;1;2;1;k;f;2;k;k;n;k;5;2;2;1;1;1
2256Q;NA;NA;NA;NA;k;k;2;2;1;2;f;15243;f;5;NA;div,kl,1;ff;k;k;NA;2;1;1;2;1;2;1;2;NA;k;k;2;1;2;2;u;ku;2;g;div,1;ff;fp;5;2;2;1;1;2
3403Q;1;1;2;k;ab;NA;1;2;2;2;d;25143;f;5;k;NA;NA;k;k;3;2;2;1;1;1;2;1;1;p;ab;NA;1;2;2;2;k;ks;2;k;NA;NA;k;6;2;2;1;1;2
3407Q;2;2;1;NA;s;n,ff;1;2;1;2;d;25143;f;2;sp;s,2;n,ub,ff;NA;NA;2;2;1;1;2;1;2;1;1;k;k;k;1;1;2;2;k;k;2;k;ab;NA;k;5;2;2;1;1;2
4554Q;1;1;2;NA;NA;NA;1;2;2;2;f;15423;f;5;NA;NA;NA;NA;NA;5;2;2;1;2;1;1;2;2;ab;NA;NA;1;2;2;1;NA;NA;2;NA;NA;NA;NA;5;2;2;1;1;1
1104R;2;1;1;NA;k;n;1;2;2;1;NA;NA;NA;4;NA;1;n,ff;NA;NA;7;2;1;2;2;1;2;1;1;NA;div,kl;n,ff;1;2;1;2;NA;NA;4;s;ab;f;NA;6;2;2;1;1;2
2255R;2;2;1;k;x;n;1;2;1;2;k;NA;ku;5;k;k;n;k;k;5;2;1;2;1;1;2;1;2;k;k;k;1;2;1;2;ks;ks,ku;2;k;k;n;k;4;2;2;1;1;1
3406R;2;1;1;k;kl;ff;1;2;1;2;f;25341;f;5;NA;k;k;k;p;10;2;2;1;1;2;2;1;1;k;1,x;f;1;1;2;2;u;f;2;i;k;int;k;9;2;2;1;1;1
4553R;2;2;1;NA;k;k;1;2;1;2;k;NA;f;5;NA;k;n;p;NA;6;NA;NA;NA;NA;NA;2;1;2;NA;x;NA;1;1;2;NA;u;NA;2;i;k;int;k;5;2;2;1;1;2
4557R;1;2;2;NA;NA;NA;1;2;1;2;f;15234;f;5;NA;NA;NA;p;f;7;2;1;1;2;1;2;2;1;k;NA;NA;1;2;1;2;NA;NA;2;g;ab;f;k;2;2;2;1;1;1
1103S;2;2;1;sp;k;n;1;2;1;2;k;NA;NA;5;str;ab;NA;k;k;5;2;2;1;1;1;2;1;2;k;k;n;2;1;2;2;k;NA;2;NA;ab;f;fp;5;2;2;1;1;2
1107S;2;2;2;sp;ab;NA;1;1;2;2;NA;NA;f;5;k;NA;NA;k;k;5;1;2;2;2;2;2;1;2;k;ab;NA;1;NA;NA;NA;NA;f;2;ab;ab;NA;k;6;1;1;1;1;2
2254S;1;2;1;NA;k;k;1;2;2;2;d;25143;NA;0;NA;1;ff;k;k;5;1;2;2;2;2;2;2;1;NA;k;n;2;2;1;2;NA;NA;0;NA;NA;NA;NA;6;2;1;2;1;1
3405S;2;2;1;k;k;n;1;2;1;2;k;NA;f;5;k;k;k;k;k;5;2;1;1;1;1;2;1;2;i;s;f;1;2;1;1;ks;f;2;k;k;n;k;5;2;2;1;1;2
4556S;2;2;1;k;ab;f;1;2;1;2;k;NA;f;5;k;NA;NA;k;k;7;2;2;2;2;2;0;0;0;k;NA;NA;1;2;1;2;ks;ku;2;sp;ab;NA;k;7;1;1;1;1;1
1106T;2;2;1;sp;ab;NA;1;NA;1;NA;NA;NA;NA;5;sp;ab;f;k;k;5;2;1;1;1;2;2;1;1;k;k;n;1;2;1;2;u;k;2;i,nl;NA;NA;fp;3;2;1;2;1;2
2253T;2;2;1;sp;k;n;1;2;1;2;d;25143;f;5;p;s;n,ff;k;k;5;2;2;1;2;1;2;1;2;k;k;n;1;2;1;2;ks;f;2;k;k;n;k;5;1;2;1;1;2
2257T;2;1;2;k;1;ff;1;2;1;2;d;35124;kr;5;sp;k;k;k;k;5;2;1;1;1;1;2;1;2;k;k;k;1;2;1;2;k;ks;2;k;k;n;k;5;1;2;1;1;2
3404T;NA;NA;NA;i;ab;f;NA;NA;NA;NA;NA;NA;NA;5;sp;k;n;k;k;5;2;2;1;1;1;2;NA;NA;k;s;f;1;1;2;2;k;ks;2;i;k;int;fp;5;2;2;1;1;1
4555T;2;1;2;NA;k;n,d;1;2;1;2;k;NA;NA;5;sp;ab;NA;k;k;5;2;2;2;1;1;2;1;2;k;1;n,ff;1;1;2;2;k;NA;2;NA;ab;f;k;5;2;2;1;1;2
1109Q;2;1;1;sp;ab;n;2;1;2;1;d;15342;f;5;nl;NA;NA;NA;NA;NA;NA;NA;NA;NA;NA;2;1;2;i;ab;f;2;2;1;1;NA;NA;2;e;k;int;NA;NA;NA;NA;NA;NA;NA
1113Q;0;0;0;sp;ab;NA;1;2;1;2;d;25143;f;5;NA;ab;NA;k;k;NA;NA;NA;NA;NA;NA;2;1;2;k;s;n;1;2;1;2;ks;NA;2;NA;s;f;k;6;2;2;1;1;1
2260Q;2;2;1;sp;s;NA;1;2;1;2;d;25143;NA;5;NA;NA;NA;k;k;6;NA;NA;NA;NA;NA;2;1;2;str;k;k;1;1;2;2;k;k;2;NA;div,2;ff;k;2;2;2;1;1;1
3411Q;0;0;0;i;ab;n;1;2;1;2;k;NA;f;5;g;ab;f;k;k;6;2;1;2;1;2;2;1;1;k;ab;f;1;2;1;2;NA;ks;2;i;ab;f;k;7;2;2;1;1;2
4558Q;2;1;1;i;NA;NA;1;2;1;2;f;15243;f;5;k;NA;f;k;f;5;2;1;2;2;2;2;1;2;i;NA;f;1;1;2;2;f;ab;2;s;NA;f;k;5;2;2;1;1;1
4562Q;2;1;1;NA;NA;NA;1;1;1;2;d;25143;NA;NA;NA;NA;NA;NA;NA;5;1;1;1;2;2;2;1;1;NA;k;n;1;1;2;2;NA;NA;2;ab;k;int;k;NA;NA;NA;NA;NA;NA
1108R;2;2;1;sp;1;n,ff;1;2;1;2;k;NA;ku;2;NA;ab;f;k;p;7;2;1;1;2;1;2;2;2;NA;ab;f;1;1;1;2;NA;f;4;k;div,1;ff;k;6;2;2;1;1;2
1112R;2;2;1;sp;ab;f;1;1;2;2;f;45123;f;5;e;ab;NA;i;NA;5;1;2;2;2;1;2;1;2;k;ab;NA;1;2;1;2;u;f;2;sp;1;NA;k;0;2;2;1;1;1
2259R;1;1;2;sp;s;f;1;1;2;2;f;23154;f;3;k;s;f;NA;f;6;1;2;2;1;1;2;1;2;k;ab;f;1;2;1;2;f;ks;0;sp;s;f;sp;5;2;1;2;2;1
2263R;2;1;2;NA;NA;NA;1;2;2;1;d;45132;f;2;NA;ab;NA;NA;NA;6;2;1;1;2;2;2;1;2;ab;ab;NA;2;1;1;2;NA;NA;2;NA;ab;NA;NA;5;1;2;1;2;1
3410R;2;2;1;k;NA;NA;1;2;2;2;f;25431;f;4;NA;NA;NA;NA;f;NA;1;2;1;2;1;2;2;1;NA;NA;NA;1;2;1;1;NA;NA;5;k;NA;NA;k;NA;2;2;1;1;2
4561R;1;2;1;k;1;n,ff;1;2;1;2;k;NA;ks;4;p;1;int;k;k;6;2;2;1;1;2;1;2;1;k;k;n;1;1;2;2;u;k;2;k;div,2;n,ff;fp;6;2;2;1;1;2
1111S;2;1;1;sp;NA;NA;1;2;1;2;d;25143;f;5;g;NA;NA;k;k;5;2;1;1;1;2;2;1;1;k;sp;n;1;1;1;2;NA;NA;2;g;sp;f;k;2;2;2;1;1;1
2258S;2;1;2;i;ab;NA;2;2;1;2;f;25134;f;5;NA;ab;NA;f;NA;3;2;2;2;1;2;2;1;1;k;s;n,ff,d;1;2;1;2;f;f;2;sp;s;NA;k;2;2;2;1;1;2
2262S;1;1;2;NA;NA;NA;1;2;2;NA;NA;NA;NA;NA;NA;NA;NA;NA;NA;NA;NA;NA;NA;NA;NA;2;1;2;k;NA;NA;1;1;2;2;NA;NA;NA;NA;NA;NA;NA;NA;NA;NA;NA;NA;NA
3409S;2;1;2;i;4;f;1;1;1;2;f;25431;f;4;sp;ab;f;k;k;0;1;2;2;2;2;2;1;1;k;ab;f;2;1;2;1;f;f;4;sp;ab;f;sp;0;2;2;1;2;1
3413S;2;2;1;str;s;f;1;1;2;2;d;25143;f;3;ab;s;f;k;k;6;2;1;1;2;1;2;2;2;k;s;f;1;2;1;2;k;ab;1;sp;s;f;f;6;2;2;1;1;1
4560S;2;2;1;sp;ab;NA;1;2;1;2;f;45123;ks;3;k;2;NA;k;k;5;1;2;1;2;1;1;1;2;k;ab;f;1;1;2;2;NA;f;4;NA;ab;NA;fp;5;1;2;1;1;2
1110T;2;2;2;NA;ab;NA;1;2;2;1;d;45132;f;4;k;ab;NA;k;k;5;1;1;2;2;1;2;2;2;k;s;f;1;2;2;2;NA;NA;4;ab;ab;NA;k;2;2;2;2;1;1
2261T;2;2;1;sp;3;n,ff;1;1;2;1;d;25143;f;4;k;k;k;k;k;10;2;1;1;2;1;2;1;2;k;k;n;1;1;1;1;k;ks,ku;0;sp;2;n,ff;fp;5;1;1;2;2;2
3408T;2;2;1;i;1;n,ff;1;2;2;2;d;45132;ku;5;k;1;k;k;k;5;2;1;1;1;1;2;1;2;k;k;n;1;1;2;2;NA;NA;2;k;ab;NA;k;5;NA;2;1;1;2
3412T;0;0;NA;NA;ab;NA;1;NA;NA;NA;f;45312;NA;4;g;2;n,ff;k;k;6;1;NA;NA;NA;NA;NA;NA;NA;k;1;n;1;0;NA;NA;NA;NA;0;g;k;NA;k;NA;1;NA;1;NA;NA
4559T;2;1;2;NA;NA;NA;2;1;2;1;d;35241;f;5;ab;div,kl;n,ff;k;k;2;1;1;1;2;2;2;2;1;NA;kl;n,ff;1;1;2;2;u;ks,ku;2;NA;NA;NA;k;2;1;2;2;1;1
1117Q;2;2;1;sp;k;k;1;1;1;2;k;NA;NA;5;k;k;k;k;k;8;2;2;1;1;1;2;1;2;k;k;k;1;1;2;2;k;NA;2;sp;k;nb;k;5;2;2;1;1;2
2264Q;2;2;1;k;kl;ff,d;1;2;1;2;f;25134;k;5;k;kl;ff;k;k;2;2;2;1;2;1;2;1;2;k;k;k;1;2;1;2;k;f;2;k;k;nb;k;5;2;2;1;1;2
2268Q;2;NA;NA;NA;k;n,d;1;1;1;2;d;35241;f;5;NA;k;k;k;k;5;NA;1;NA;NA;NA;2;1;2;k;k;n;1;1;2;2;k;NA;2;i;k;int;k;5;2;2;1;1;1
3415Q;1;1;2;NA;f;f;1;2;1;2;d;25143;f;5;k;f;f;k;k;5;1;2;2;2;1;2;1;1;k;k;n;1;2;1;2;ks;ku;2;i;div,1;n,ff;k;5;2;2;1;1;2
4566Q;2;1;1;sp;1;n,ff;1;2;2;2;k;NA;f;5;e;ab;NA;NA;NA;NA;NA;NA;NA;NA;NA;2;1;1;NA;k;n;1;1;2;2;k;NA;2;NA;s;n,ff;k;5;2;2;1;1;2
1116R;2;2;2;sp;k;n;1;2;1;NA;k;NA;k;5;s;k;n;k;k;5;2;2;1;1;1;2;2;2;k;k;n;2;1;2;2;k;NA;2;i;1;ff;k;5;2;2;1;1;2
2267R;2;2;1;k;k;k;1;2;1;2;k;NA;f;5;k;k;k;NA;NA;5;2;2;1;2;1;2;1;2;NA;k;k;1;1;2;2;u;NA;2;sp;k;nb;k;5;2;2;1;1;2
3414R;2;2;1;sp;NA;NA;1;1;2;2;k;NA;ku;2;sp;NA;NA;p;f;3;1;2;2;2;1;1;2;1;i;NA;NA;1;2;1;2;ks;NA;2;sp;NA;NA;k;5;1;2;1;1;0
3418R;2;1;1;k;k;k;1;2;1;2;k;NA;k;5;k;1;ff;p;NA;NA;1;2;1;2;2;2;1;1;NA;NA;NA;1;2;1;2;NA;NA;2;k;1;ff;k;5;2;2;1;1;2
4565R;2;2;1;k;k;n;1;2;1;NA;f;25134;f;5;k;1;k;k;k;5;2;2;1;1;1;2;1;2;k;1;n,ff;1;1;2;2;NA;NA;2;sp;k;k;k;5;2;2;1;1;2
1115S;1;2;2;ab;k;k;1;1;2;2;k;NA;f;5;sp;k;k;k;k;5;1;2;1;2;1;1;2;1;k;s;f;2;1;2;2;NA;f;4;NA;k;k;sp;5;2;2;1;1;1
1119S;2;2;1;i;s;f;1;2;1;2;d;25143;f;4;p;s;f;k;p;0;1;2;2;2;1;1;1;2;k;ab;f;1;2;1;2;k;f;5;i;ab;f;k;5;1;2;1;1;1
4568S;2;2;1;NA;1;ff;1;2;1;2;k;NA;ks;5;k;k;int;k;k;5;2;2;1;1;1;2;1;2;NA;k;n;1;2;1;2;k;NA;2;ab;k;int;k;2;1;2;1;1;2
1114T;2;2;1;i;k;n,ub;1;2;1;2;d;25143;NA;3;k;k;k;k;k;5;2;1;1;1;1;2;1;1;k;k;k;1;1;2;2;k;kt;2;i;k;n;k;5;2;2;1;1;2
1118T;1;2;1;k;kl;n,ff;1;2;2;2;k;NA;f;5;k;k;k;k;k;5;2;2;1;1;1;1;2;2;k;kl;ff;1;1;2;2;k;f;4;k;kl;ff;k;5;1;2;1;1;2
2632T;2;2;1;sp;ab;f;1;1;2;2;f;45123;ab;5;k;div;n,ff;k;k;5;2;2;1;1;1;2;1;2;k;k;n;1;2;1;2;ks;ab;2;k;k;fk;k;6;2;2;1;1;2
2269T;2;2;1;k;x;f;1;2;1;2;k;NA;ku;5;p;k;k;k;k;5;2;1;1;1;2;2;1;2;k;k;k;1;2;1;2;k;k;2;k;k;nb;k;5;2;2;2;1;1
3416T;NA;NA;NA;NA;1;n,ub,ff;1;2;2;2;f;25134;NA;5;g;k;k;k;p;2;2;2;1;2;1;2;1;2;k;k;n;1;2;1;2;k;f;4;g;ab;NA;sp;6;1;2;1;1;2
4563T;2;2;1;k;k;k;1;2;2;2;f;45123;kr;5;k;k;k;k;k;5;2;2;1;1;1;2;1;2;k;k;k;1;1;2;2;k;ks,ku;2;k;k;int;k;5;2;2;1;1;2
4567T;1;2;1;NA;ab;NA;1;1;1;1;d;25143;ab;5;k;ab;NA;p;f;6;2;2;1;2;1;2;1;1;i;NA;NA;1;1;2;2;ks;NA;5;NA;NA;NA;NA;2;1;2;2;1;1
