1081Q;2;1;1;na;kl,1;ff;na;na;na;na;k;;na;na;na;2;ff;na;na;7;na;na;na;na;na;2;1;2;na;k;k;2;1;2;2;u;na;2;na;k;n;k;5;2;2;1;1;1
2228Q;2;2;2;sp;na;na;2;2;1;1;f;25314;na;0;na;s;f;na;na;8;2;2;1;2;1;2;2;2;k;ab;f;2;1;1;1;na;ku;0;e,nk;ab;na;k;6;1;1;2;1;2
2232Q;2;1;na;na;na;na;1;1;2;2;f;45231;na;4;na;s;f;na;na;6;1;2;2;2;2;1;1;2;na;na;na;1;2;1;2;u;na;5;sp;s;ff;sp;5;2;1;2;1;2
3379Q;2;2;1;na;k;k;1;1;2;2;f;25134;na;5;na;na;na;p;na;5;2;2;1;2;1;2;1;2;k;k;n;1;2;1;2;k;k;2;sp;k;n;k;5;2;2;1;1;2
4530Q;2;2;1;na;x;na;1;2;1;2;f;15324;f;5;na;kl;na;na;na;2;na;na;na;na;na;2;1;2;na;k;k;1;1;2;2;u;na;2;sp;k;na;k;2;2;2;1;1;2
1080R;2;2;1;na;na;na;1;1;2;1;d;25143;f;5;k;ab;f;k;k;5;2;2;1;2;1;2;1;1;k;na;na;1;2;1;1;u;f;2;k;na;na;i;6;2;2;2;1;1
2231R;2;2;1;k;k;k;1;1;2;2;k;;kr;5;sp;1;n;k;k;5;2;1;2;1;1;2;1;2;k;k;n;1;2;1;2;u;na;2;k;k;k;k;5;1;2;1;1;2
3378R;1;2;1;sp;ab;na;1;na;na;na;d;35412;f;na;na;div,s,y;f;na;na;0;na;na;na;na;na;na;na;na;na;div,kl,3;ff;na;na;na;na;na;na;na;i;s;f;fp;5;2;2;1;1;2
3382R;2;2;1;k;ab;na;1;2;2;1;f;15243;na;1;e;ab;na;na;na;10;1;1;2;2;1;1;2;1;k;na;na;2;2;1;1;na;f;6;na;div,4;n,ub,ff;k;5;1;2;1;1;2
4529R;1;1;2;sp;s;f;2;1;2;2;d;25143;f;6;na;s;f;na;na;8;1;1;1;2;2;2;2;1;i;na;na;1;1;2;1;na;f;6;g;s;f;fp;9;2;1;1;2;2
1079S;2;1;2;sp;s;f;1;2;1;1;d;25143;f;0;p;ab;na;k;f;6;1;2;1;2;1;1;1;2;k;s;f;2;2;1;1;k;f;0;e;ab;f;k;5;2;1;1;2;1
2230S;2;1;2;sp;2,x;f;1;2;2;1;k;;na;4;k;1;ff;i;na;5;2;2;1;2;1;1;1;1;k;na;na;1;2;1;1;na;ab;5;sp;na;na;k;2;2;1;2;2;1
3377S;1;2;1;na;ab;na;1;2;1;2;k;;na;na;na;na;na;k;k;2;2;1;2;1;1;2;na;na;na;na;na;1;na;na;na;na;na;6;na;na;na;na;na;2;2;1;1;1
3381S;2;1;1;k;1;f;1;2;2;2;u;na 5 na na na;ks,ku;5;k;k;int;k;k;5;2;2;2;1;1;2;1;1;k;s,x;f;1;2;1;1;na;na;2;na;4,x;f;na;9;2;2;1;1;2
4528S;2;1;1;k;k;k;1;2;1;2;k;;ku;2;k;s;k;k;k;5;2;2;1;1;1;2;1;1;na;x;na;1;2;1;1;k;f;1;k;k;n;fp;6;2;1;1;1;2
4532S;na;na;na;na;na;na;1;2;2;2;k;;f;na;str;na;na;k;k;7;1;2;2;1;2;na;na;na;na;na;na;1;na;na;2;na;na;6;na;na;na;na;2;na;na;na;na;na
1078T;2;1;2;sp;na;na;2;1;2;1;f;15423;na;5;g;s;f;p;f;na;2;2;2;1;2;1;2;1;k;na;na;1;2;1;2;na;na;2;e,g;s;f;sp;6;2;1;2;2;2
1082T;2;2;1;sp;k;n;1;2;1;1;u;na 5 na na na;ku;5;k;k;fk;k;k;5;2;1;1;2;1;2;1;2;i;k;k;1;1;2;2;u;f;2;na;sp;f;k;5;2;1;1;1;2
2229T;1;1;2;na;na;na;1;na;1;na;d;35412;na;3;na;na;na;na;na;5;1;2;1;2;1;2;1;1;na;na;na;1;1;2;1;na;na;2;na;na;na;na;3;1;2;1;1;1
3380T;1;1;2;i;ab;f;2;1;2;2;f;15324;na;4;g;div,1;n,ff;k;k;9;1;1;1;2;2;1;1;2;k;ab;na;1;1;1;2;na;na;0;e;ab;f;k;4;2;1;1;2;2
4527T;1;2;2;na;na;na;1;2;1;2;f;35421;na;4;ab;s;f;k;p;7;na;2;na;na;1;2;1;1;na;ab;na;2;2;2;1;na;na;6;sp;ab;na;na;na;2;1;1;2;1
4531T;2;1;1;nl;k;n;1;2;1;2;f;15432;ku;5;k;1;n,ff;k;k;5;2;2;1;1;1;2;1;1;k;k;n;1;1;2;2;k;k;2;nl;k;int;k;5;1;2;1;1;2
1073Q;2;1;1;sp;ab;f;1;2;1;2;d;25143;na;5;e;ab;f;na;f;4;1;na;na;na;na;2;1;2;str;ab;f;1;2;1;2;k;na;2;na;ab;f;k;6;2;2;2;1;1
1077Q;2;2;1;k;k;k;1;2;1;2;k;;k;5;k;k;k;k;k;na;na;na;ns;na;na;2;1;2;k;k;k;1;1;2;2;k;ku;2;k;k;k;k;6;2;2;1;1;2
2224Q;1;2;2;sp;s;f;1;2;2;2;f;25314;na;6;sp;s;f;k;k;3;1;2;2;1;2;1;2;1;k;s;f;1;1;2;2;f;f;5;sp;s;f;k;5;2;1;2;2;2
3375Q;2;2;1;sp;s;f;1;2;1;2;f;25134;f;5;k;s;f;k;k;5;2;1;1;1;2;2;1;1;str;1;ff;1;1;2;2;u;f;2;k;2,x;f;k;0;2;2;1;1;2
4522Q;2;1;1;sp;1,kl;n,ff;1;1;1;2;k;;f;5;k;div,s,1;n,ff;k;k;6;2;2;1;1;1;2;1;2;k;k;k;1;1;2;2;k;ab;2;na;div;ff;k;9;2;2;1;1;2
4526Q;1;2;2;k;s,1;n,ff;1;2;2;1;f;25134;f;5;k;s;n,ff;k;k;5;2;2;2;2;2;1;2;2;k;1,x;f;1;2;1;2;u;ku;2;k;k;int;k;5;1;2;1;1;2
1072R;2;0;1;k;k;k;1;2;1;2;k;;ks,ku;5;na;k;k;na;na;5;1;2;1;2;2;2;1;0;k;k;n;1;2;1;2;k;na;2;k;1;ff;k;0;2;2;1;1;2
1076R;2;2;1;k;k;n;1;2;1;2;k;;k;5;k;1;k;k;k;5;2;1;1;2;1;2;1;2;k;k;n;na;na;na;na;na;na;2;k;k;n;k;5;2;2;1;1;2
2223R;1;2;2;sp;k;k;1;1;2;2;k;;ab;4;sp;ab;na;p;na;na;2;2;1;na;na;1;2;1;k;s,1;n,ff;1;na;na;2;na;na;5;i;2;ff;i;9;1;2;1;1;1
2227R;2;2;1;k;ab;f;1;2;1;2;k;;f;5;p;1;k;k;k;5;2;2;1;2;1;2;1;2;i;ab;f;1;1;2;2;ks;f;2;k;k;n;k;5;2;2;1;1;2
3374R;2;2;1;k;k;k;1;2;2;2;k;;k;5;na;s;f;k;k;na;2;2;1;1;2;2;1;2;na;s;f;1;1;2;2;k;k;2;k;ab;na;k;3;2;2;1;1;2
4521R;2;1;2;sp;s;f;1;2;2;2;d;35241;f;3;sp;s;f;k;f;10;1;2;1;1;2;2;1;2;k;s;f;1;2;1;2;u;f;1;sp;s;f;k;9;2;2;1;1;2
4525R;2;2;1;sp;k;k;1;2;1;2;k;;ku;5;na;s;f;k;k;5;1;na;na;na;na;2;1;2;i;1;ff;na;na;na;na;na;na;2;k;k;n;k;5;2;1;1;1;1
1075S;2;2;1;sp;ab;na;1;2;1;2;f;35421;f;3;na;ab;na;k;k;0;2;1;1;2;1;1;2;2;na;ab;f;2;1;2;1;na;na;5;na;ab;na;na;2;2;2;2;2;1
2222S;2;2;1;sp;k;n;1;1;2;2;k;;na;5;na;1;f;k;k;5;na;na;na;na;na;2;1;2;na;na;na;1;1;2;2;na;na;na;na;na;na;k;na;na;na;na;na;na
2226S;2;1;2;k;1;n,ff;1;1;2;2;k;;ku;5;sp;1,x;f;k;k;3;1;2;2;2;1;2;1;1;k;3;n,ff;1;1;2;2;ks;na;2;k;2;n;k;5;1;2;1;1;2
3373S;2;1;1;sp;s;f;1;na;1;2;f;15234;kt;4;na;ab;na;k;k;5;2;2;na;1;2;1;2;1;sp;s;n,ff;2;2;1;1;f;na;6;str;s;f;k;na;na;na;na;na;na
4524S;2;2;1;sp;k;n;1;2;1;2;k;;ku;5;k;k;k;k;k;5;2;1;1;1;2;2;1;2;k;1;n,ff;1;2;1;2;k;f;2;k;k;int;k;5;2;2;1;1;2
1074T;2;1;1;k;k;k;1;2;1;2;d;25143;k;5;k;k;k;k;k;5;2;2;1;1;2;2;1;1;k;k;k;1;2;1;2;k;ku;2;k;k;k;k;9;2;2;1;1;2
2225T;2;2;1;na;ab;na;1;2;1;2;u;na 51 na na;f;5;k;1,x;f;k;k;5;1;2;1;2;na;2;1;2;k;x;f;1;1;2;2;na;f;2;na;ab;f;fp;na;2;2;1;1;1
3372T;2;1;1;sp;ab;f;1;2;1;2;f;15234;f;5;k;na;f;k;k;9;2;1;1;2;1;2;1;2;k;na;na;1;1;2;2;k;ku;2;e;ab;f;fp;0;1;2;1;1;1
3376T;2;2;1;na;na;na;1;2;2;2;f;15324;na;5;sp;k;n;k;k;5;2;1;1;1;1;2;1;2;k;k;n;1;2;2;2;k;na;2;k;k;n;k;2;2;2;1;1;1
4523T;2;2;1;k;k;n;na;2;1;2;k;;ku;5;k;k;k;k;k;5;2;1;2;1;2;2;1;2;k;k;k;1;2;2;2;u;ku;2;k;k;n;k;5;2;2;1;1;2
1085Q;0;0;0;s;s;f;1;1;1;1;f;15234;f;5;ab;s;f;na;f;5;2;2;2;1;2;2;2;2;na;k;k;1;1;2;1;u;na;2;i;3;ff;na;na;na;na;na;na;na
1089Q;0;0;0;sp;x;f;1;na;na;na;f;15432;na;na;na;1;k;k;k;6;2;2;2;1;2;2;1;na;i;k;k;1;1;2;2;u;ku;2;k;k;n;k;5;2;2;1;1;2
2236Q;2;2;1;sp;ab;na;1;2;2;2;f;15234;f;5;k;na;na;k;f;1;1;2;1;1;2;2;1;2;k;ab;n;1;2;1;2;u;f;2;sp;ab;f;k;5;2;2;1;1;2
3383Q;1;2;1;i;1;n,ff;1;2;1;2;d;25143;ku;5;e;1;ff;k;k;5;2;2;1;1;1;2;1;1;k;k;k;1;2;1;2;k;ku;2;k;k;k;k;5;1;2;1;1;2
3387Q;2;2;1;sp;na;na;1;2;1;2;k;;ks,ku;5;k;na;na;k;k;6;2;2;1;1;1;2;1;2;k;k;k;1;1;1;2;k;ks;2;k;1;ff;k;5;2;1;1;1;2
4534Q;2;1;2;na;ab;na;1;2;2;2;f;15432;na;0;ab;k;na;na;na;na;na;na;na;na;na;2;1;2;k;ab;na;1;1;2;2;na;na;2;k;ab;na;k;6;2;2;1;1;1
4538Q;2;1;1;sp;s,1;ff;1;2;1;2;f;45321;na;0;ab;s;ff;na;na;na;1;2;1;2;2;2;1;2;k;k;k;2;1;2;1;na;ku;2;sp;3;k;k;5;1;2;1;1;2
1084R;na;na;na;k;na;na;1;2;1;1;d;25143;ku;na;na;na;na;na;na;na;na;na;na;na;na;na;na;na;na;na;na;1;na;na;na;na;na;1;k;na;na;k;2;2;2;1;1;2
1088R;2;2;1;k;k;k;1;2;2;2;d;25143;f;5;na;k;na;na;na;10;1;2;1;na;na;2;1;2;k;kl;ff;2;na;na;na;na;na;2;k;2;ff;k;5;1;2;1;1;2
2235R;2;1;1;k;na;na;1;2;1;2;d;45132;f;5;e;ab;na;k;k;5;2;2;1;1;2;2;1;1;k;na;na;1;1;1;2;na;na;2;k;na;na;k;na;2;2;1;1;2
2239R;2;2;1;na;ab;na;1;1;2;2;f;25134;na;5;e,nl;ab;na;na;na;5;na;na;na;na;na;2;1;2;na;ab;na;2;1;2;2;na;na;2;s;ab;na;na;0;1;1;1;1;1
3386R;1;2;2;k;k;n;1;2;1;2;d;45132;ku;5;k;ab;na;k;k;5;2;2;1;1;1;2;1;2;k;x;f;1;1;2;2;na;na;2;k;k;k;k;5;1;2;1;1;2
4533R;2;2;1;sp;k;k;na;2;1;2;d;25143;k;5;k;ab;na;k;na;5;2;2;1;1;1;2;1;2;k;ab;na;1;na;1;2;k;f;2;sp;k;int;k;5;2;2;1;1;2
4537R;2;2;1;k;k;n;1;2;1;2;f;25134;kt;4;k;ab;na;k;k;5;2;2;1;1;2;2;1;2;k;na;na;1;1;2;2;na;ab;2;k;div,1;n,ff;k;4;2;2;1;1;2
1083S;2;1;1;na;k;k;1;2;1;1;d;25143;f;5;na;1;int;k;k;6;1;2;1;2;1;2;1;1;na;ab;na;1;2;1;2;u;f;2;na;na;na;sp;0;2;1;1;2;2
1087S;2;2;1;k;k;k;1;2;1;2;k;;kg;5;k;k;k;k;k;5;1;1;2;2;2;2;1;2;k;2;n,ff;1;1;2;2;k;k;2;k;k;n;k;5;2;2;1;1;1
2234S;1;2;2;k;1,x;f;1;2;2;2;f;34251;f;5;k;na;na;k;k;6;2;2;1;1;1;2;1;1;ab;ab;na;1;2;1;2;ks,u;na;5;sp;ab;na;k;3;2;2;1;1;1
2238S;2;1;1;sp;k;n;1;2;1;2;d;35124;f;5;sp;2;n,ff;k;p;5;1;1;2;2;2;2;1;1;na;k;n;1;2;1;1;na;na;2;na;k;n;na;9;2;1;1;2;1
3385S;2;1;1;k;k;n;1;2;1;2;f;15234;ku;5;k;1;n,ff;k;k;5;2;2;1;1;2;2;1;2;k;s;f;1;1;2;2;f;ab;2;k;ab;na;k;5;1;2;1;1;1
4536S;2;1;1;sp;k;n;1;na;1;na;d;35124;ku;5;sp;ab;na;k;k;5;2;2;2;1;2;2;1;2;k;ab;na;1;1;2;0;na;na;2;na;na;na;k;6;1;2;1;1;2
1086T;2;1;1;sp;1;n,ff;1;2;2;2;d;35124;f;5;e;div;n,ff;k;k;5;1;2;2;2;1;2;1;1;k;k;n;1;1;2;2;k;f;2;e,nl;ab;f;k;5;1;1;na;2;2
2233T;2;2;1;sp;s;f;1;2;1;2;f;15243;f;5;k;s;f;k;d;10;2;1;2;1;2;2;1;2;k;s;ub,ff;1;2;1;2;k;f;2;sp;s;f;sp;6;na;1;na;1;na
2237T;2;2;1;k;na;na;2;2;1;2;k;;na;5;k;k;k;k;k;5;2;2;1;1;1;2;2;1;k;ab;na;1;1;2;2;k;na;na;k;ab;ab;k;3;2;2;1;1;2
3384T;2;na;na;na;na;na;2;1;1;2;f;25134;ab;4;g;na;na;k;k;10;1;2;1;2;1;2;2;1;k;ab;na;1;1;2;1;na;ab;2;na;na;na;na;6;2;1;2;2;1
3388T;2;1;2;k;na;na;1;2;1;2;f;15324;na;na;str;div,1;ff;k;k;5;2;1;1;2;2;na;na;na;k;k;k;1;1;2;2;u;na;4;na;na;na;k;na;na;2;1;1;2
4535T;2;1;2;k;na;na;1;2;1;2;f;45231;ku;5;str;div,2,y;f;k;k;5;2;2;1;1;1;2;1;2;k;k;k;1;2;1;2;ks;ku;2;na;ab;na;k;5;1;2;1;1;2
1093Q;2;2;1;k;k;n;1;2;1;2;f;25431;f;5;k;na;na;na;na;na;na;na;na;na;na;2;1;2;k;1;ff;1;2;1;2;k;k;2;k;na;na;k;9;2;2;1;1;2
2240Q;2;1;1;na;x;f;na;na;na;na;na;;f;ab;na;2;n,ff;na;na;5;na;na;na;na;na;2;1;1;na;k;k;2;2;1;2;na;na;1;na;k;int;k;5;na;2;na;na;na
2244Q;2;1;1;na;na;na;1;2;1;2;d;25143;ab;5;na;na;na;na;na;2;na;na;na;na;na;2;1;1;na;1;n,ff;1;2;2;2;na;na;2;na;k;int;k;9;1;2;1;1;2
3391Q;2;1;2;sp;ab;f;1;1;2;2;f;45123;f;5;na;sp;f;ab;na;5;na;na;na;na;na;2;1;2;na;ab;na;1;1;2;1;f;na;2;na;sp;f;na;8;1;1;2;1;2
3395Q;2;2;1;sp;k;n;1;1;1;2;k;;k;5;k;1;n,ff;k;na;na;na;na;na;na;na;2;1;2;k;k;k;1;1;1;2;k;ku;2;k;k;k;k;5;2;2;1;1;1
4542Q;2;1;1;na;2;ff;1;2;1;2;f;35421;k;5;na;ab;f;na;na;5;1;2;1;2;2;2;1;1;na;ab;f;1;1;2;2;k;na;2;k;ab;na;k;5;2;2;1;1;2
1092R;1;1;2;na;na;na;1;2;2;1;f;35214;na;0;na;na;na;na;na;1;1;2;2;1;2;2;1;2;na;na;na;1;2;1;1;na;na;0;na;na;na;na;0;1;2;1;2;1
1096R;2;2;1;k;k;n;1;2;2;1;f;15423;k;2;k;1;n,ff;k;k;5;2;1;1;1;1;2;1;2;k;k;n;1;2;1;2;na;f;na;k;ab;f;k;5;2;1;1;1;1
2243R;2;2;1;sp;ab;na;1;2;1;2;na;;na;na;na;ab;na;na;na;na;na;na;na;na;na;na;na;na;na;na;na;1;2;1;2;na;na;5;sp;2;n,ff;k;6;1;2;1;2;2
3390R;2;1;1;i;x;f;2;1;2;2;f;32154;f;3;k;na;f;p;na;0;1;2;2;2;1;2;1;1;na;na;f;1;2;1;1;u;f;2;i;k;int;k;0;2;1;2;1;1
3656R;2;2;1;sp;ab;na;1;1;2;2;f;45231;f;5;na;ab;na;p;na;2;1;2;1;1;2;1;2;2;k;ab;na;2;1;2;1;na;f;2;k;s,x;na;k;6;2;2;1;1;2
4541R;na;na;na;sp;kl,1,x;f;1;1;1;1;f;45312;f;5;na;ab;na;na;na;6;na;na;na;na;na;2;1;1;na;ab;na;1;2;2;1;f;na;2;g;s;f;k;6;1;na;1;1;na
4545R;2;1;2;i;na;na;1;2;1;1;f;15432;f;0;k;na;na;i;na;5;1;2;2;2;2;1;2;0;i;na;na;1;2;1;2;na;na;0;i;na;na;k;2;2;1;1;2;1
1091S;2;1;1;sp;ab;f;2;1;2;1;f;51324;ku;5;k;na;k;k;k;1;2;1;2;1;1;2;1;1;k;ab;na;2;1;2;1;na;ku;2;g;ab;f;k;5;2;2;1;1;2
2242S;1;1;1;na;1,x;f;1;1;na;na;d;45132;ku;4;k;ab;na;k;p;6;2;2;2;1;2;2;1;1;na;1,x;f;1;2;1;1;ks;na;2;na;ab;f;na;2;2;1;2;1;2
2246S;2;2;1;sp;k;n;1;2;1;2;f;25134;f;5;k;k;k;k;k;5;2;2;1;1;1;2;1;2;k;1;n,ff;1;2;1;2;ks;na;2;k;k;n;k;6;2;2;1;1;1
3389S;na;na;na;k;s;n,ff;1;2;1;2;k;;na;na;k;na;na;k;k;5;2;1;1;2;1;na;na;na;k;na;na;1;2;1;2;na;na;2;k;na;na;k;na;2;2;1;1;2
3393S;na;na;na;sp;ab;na;1;2;2;2;d;25143;ku;3;na;na;na;k;d;5;2;2;2;1;2;na;na;na;i;na;na;1;2;1;2;na;na;6;na;ab;na;na;5;na;2;1;1;na
4540S;2;2;1;k;k;k;1;2;1;2;k;;f;5;k;k;k;k;k;5;2;1;1;1;1;2;1;1;k;k;n;1;1;2;2;k;f;2;k;k;n;k;5;2;2;1;1;2
4544S;2;2;1;str;k;n;na;na;na;na;f;25134;ku;5;k;k;na;k;k;5;2;2;1;1;1;1;2;2;na;k;n;1;2;1;2;na;na;4;na;k;n;k;1;2;2;1;1;1
1090T;2;2;1;k;1;n,ff;1;2;2;2;k;;k;5;p;div,2;ff;k;k;5;2;1;1;1;1;2;1;2;k;k;k;1;1;2;2;k;ab;2;k;na;na;k;5;2;2;1;1;2
1094T;2;2;1;k;3,x;f;1;1;2;2;d;25143;na;3;k;k;k;k;k;7;1;2;1;2;1;1;1;2;k;ab;f;1;1;2;2;na;f;0;e;k;int;k;5;2;2;1;1;2
2241T;1;2;1;na;ab;na;2;2;1;1;f;25134;na;3;na;na;na;na;na;7;2;2;1;2;1;1;2;1;na;na;na;1;1;2;2;na;na;4;e;ab;na;na;3;1;2;2;1;2
2245T;2;1;1;sp;na;na;1;2;1;2;f;15283;na;5;g;ab;na;na;na;10;2;2;1;1;na;2;1;2;k;na;na;1;1;2;2;na;na;5;g;na;na;k;5;2;2;1;1;2
3392T;2;1;2;sp;1;n,ff,ub;1;2;2;2;f;25134;f;5;k;k;k;k;k;5;2;2;1;1;1;2;1;2;k;k;k;1;2;1;1;ks;f;2;i;k;int;sp;3;1;2;1;1;2
4539T;2;2;1;sp;k;n;1;1;2;2;k;;f;5;k;k;k;k;k;5;2;2;1;1;2;2;1;2;k;k;k;1;1;2;2;k;ku;2;sp;k;na;na;5;1;1;1;1;1
4543T;1;2;1;sp;1;n,ff;1;2;1;2;f;35241;k;5;k;k;k;k;k;5;2;2;1;1;1;2;1;2;k;k;k;1;2;1;2;k;k;2;sp;k;na;k;5;2;2;1;1;1
1097Q;na;na;na;na;kl;n,ff;1;2;1;2;k;;f;5;k;s;na;p;f;6;1;2;1;2;1;2;1;1;k;k;n;1;2;1;1;ks;na;2;na;k;int;na;5;2;2;1;1;2
1101Q;1;2;1;na;ab;na;1;1;2;1;f;15432;na;6;na;na;na;p;na;na;2;2;1;1;2;2;2;1;k;na;na;2;2;1;1;na;f;4;na;na;na;sp;6;1;2;1;1;1
2248Q;2;2;1;sp;s;n,ff;1;2;1;1;f;15243;ab;2;na;s;n,ff;na;na;6;2;2;1;1;2;2;2;2;k;k;k;1;1;2;2;k;ks,ku;2;k;k;k;k;5;1;2;1;1;1
2252Q;1;2;1;sp;kl;n,ff;2;1;1;2;k;;f;5;k;ab;na;na;f;5;2;1;2;1;1;2;1;2;k;1;n,ff;1;2;1;2;k;ku;2;k;1;na;fp;8;1;1;1;1;1
3399Q;2;1;1;i;k;k;1;2;1;2;k;;na;3;k;k;n;k;k;6;2;1;2;1;1;2;1;2;k;1;ff;1;2;2;2;k;ku;2;k;div;ff;k;5;1;2;1;1;2
4546Q;2;1;1;sp;ab;na;1;2;1;2;u;15 na na na;f;5;k;na;na;k;k;5;2;1;2;1;2;2;1;2;k;k;n;1;1;2;2;u;ku;2;k;k;na;k;5;2;2;1;1;2
4550Q;0;0;0;sp;x;f;2;2;1;2;f;25413;f;5;e;div,1,y;f;ab;f;5;1;2;2;2;1;0;0;0;i;k;n;2;1;2;2;u;ku;2;e;1;n,ff;k;5;2;2;1;1;2
1100R;1;2;1;k;1;n,ff;2;1;2;1;f;25134;f;4;str;s;na;k;na;5;na;na;na;na;na;2;1;2;k;ab;na;1;1;2;2;f;f;2;sp;s;na;fp;5;2;1;1;2;2
2247R;2;1;1;na;ab;na;2;1;2;2;f;15423;f;5;e;1;na;p;na;0;1;2;1;1;2;na;1;1;k;ab;f;1;2;1;2;f;na;2;k;s;f;sp;7;1;2;1;2;2
2251R;2;1;1;sp;s;f;1;2;1;2;d;25143;f;3;e;s;na;p;na;5;2;2;1;2;1;1;2;2;k;ab;na;1;2;1;2;f;f;2;i;ab;fk;sp;6;2;2;1;1;2
3398R;2;2;1;k;1;ff;1;2;2;2;d;35124;k;5;k;1;k;k;k;5;2;2;1;1;1;2;1;2;k;x;f;1;1;2;2;k;f;2;k;k;n;k;5;2;2;1;1;1
3402R;2;2;1;k;na;na;1;2;2;1;k;;f;1;na;na;na;k;p;2;2;1;2;2;1;1;2;2;k;na;na;1;2;1;1;ab;na;6;k;ab;na;k;5;2;1;2;1;2
4549R;2;2;2;na;s;f;1;2;1;2;f;15432;f;4;na;s;f;na;na;5;2;1;1;2;1;2;2;1;i;s;f;1;1;2;1;f;f;5;k;s;f;k;5;1;2;1;1;2
1099S;2;1;1;na;2;n,ff;1;1;1;2;f;25134;na;5;na;div,1;n,ff;k;k;na;2;1;1;2;2;2;1;1;na;na;na;1;2;1;1;na;na;2;na;na;na;k;na;na;na;na;na;na
2250S;2;1;1;sp;k;n;1;na;na;na;k;;f;5;sp;k;n;k;k;5;2;na;na;1;na;2;2;1;k;1;n,ff;1;2;2;1;na;f;0;sp;ab;na;k;9;2;1;1;2;2
3397S;2;0;1;na;1;n,ff;1;1;2;2;k;;ab;5;na;s,2;n,ff;k;k;5;1;1;2;2;2;2;1;2;na;3,x;f;1;1;1;1;na;na;5;na;1;n;k;6;1;2;2;1;1
3401S;2;1;1;sp;s,x;f;2;1;2;2;f;15423;f;0;k;ab;f;k;k;7;1;1;2;2;1;2;1;1;k;ab;f;1;2;1;2;ks,u;f;0;sp;ab;f;sp;0;2;2;1;1;1
4548S;2;2;2;k;k;n,ub;1;2;1;2;k;;na;5;k;k;k;k;k;5;2;2;1;2;1;2;2;1;na;1;f;1;2;1;1;u;na;2;na;k;na;k;2;2;1;1;2;2
4552S;2;2;1;k;1;n,ff;1;2;1;2;k;;f;3;k;k;k;k;k;5;1;2;2;2;2;2;1;1;k;k;n;1;na;1;2;k;f;2;sp;k;int;k;5;1;1;2;2;2
1098T;2;2;1;sp;1,x;f;1;2;1;2;f;15432;f;5;k;k;k;k;k;5;2;1;na;1;1;2;1;2;k;k;k;1;2;1;2;ks,u;k;2;k;k;int;k;5;1;2;1;1;2
1102T;2;1;2;na;na;na;na;na;na;na;na;;na;5;sp;ab;na;na;na;11;1;1;2;1;2;2;1;1;k;ab;na;2;1;2;1;na;na;2;na;na;na;fp;9;1;2;2;1;1
2249T;2;2;1;k;1,x;na;2;1;1;2;f;15432;f;4;sp;na;na;ab;na;5;2;2;1;1;1;1;1;2;k;ab;na;1;1;1;2;f;f;5;na;na;na;sp;5;2;1;2;2;1
3396T;1;1;2;sp;s;f;1;2;1;2;f;45123;f;5;na;k;k;k;k;5;1;2;1;2;2;2;1;2;na;x;f;1;1;2;2;u;f;0;na;k;int;sp;4;2;1;2;1;1
3400T;2;2;1;na;div,1;n,ff;1;2;1;2;d;25143;f;5;k;div,1;ff;k;k;5;2;1;1;1;2;2;1;2;k;1;ff;1;1;1;2;k;ku;2;na;div,2;n,ff;na;5;2;1;1;1;2
4547T;1;2;2;sp;k;n;1;2;1;2;f;25134;f;4;sp;kl,s;ff;k;k;5;2;2;1;1;2;2;1;2;p;k;k;1;1;1;2;f;na;4;sp;k;n;k;0;2;2;1;1;1
4551T;2;1;2;i;s;f;1;2;2;2;d;25143;f;2;k;ab;na;na;f;5;2;2;2;1;2;1;2;2;k;na;na;1;2;1;1;na;na;4;e;2;f;na;3;na;na;1;na;na
1105Q;2;2;1;sp;ab;na;1;2;2;1;d;25143;f;0;p;ab;na;k;na;10;1;1;2;1;2;2;1;2;k;k;n;1;1;2;1;k;f;2;k;k;n;k;5;2;2;1;1;1
2256Q;na;na;na;na;k;k;2;2;1;2;f;15243;f;5;na;div,kl,1;ff;k;k;na;2;1;1;2;1;2;1;2;na;k;k;2;1;2;2;u;ku;2;g;div,1;ff;fp;5;2;2;1;1;2
3403Q;1;1;2;k;ab;na;1;2;2;2;d;25143;f;5;k;na;na;k;k;3;2;2;1;1;1;2;1;1;p;ab;na;1;2;2;2;k;ks;2;k;na;na;k;6;2;2;1;1;2
3407Q;2;2;1;na;s;n,ff;1;2;1;2;d;25143;f;2;sp;s,2;n,ub,ff;na;na;2;2;1;1;2;1;2;1;1;k;k;k;1;1;2;2;k;k;2;k;ab;na;k;5;2;2;1;1;2
4554Q;1;1;2;na;na;na;1;2;2;2;f;15423;f;5;na;na;na;na;na;5;2;2;1;2;1;1;2;2;ab;na;na;1;2;2;1;na;na;2;na;na;na;na;5;2;2;1;1;1
1104R;2;1;1;na;k;n;1;2;2;1;na;;na;4;na;1;n,ff;na;na;7;2;1;2;2;1;2;1;1;na;div,kl;n,ff;1;2;1;2;na;na;4;s;ab;f;na;6;2;2;1;1;2
2255R;2;2;1;k;x;n;1;2;1;2;k;;ku;5;k;k;n;k;k;5;2;1;2;1;1;2;1;2;k;k;k;1;2;1;2;ks;ks,ku;2;k;k;n;k;4;2;2;1;1;1
3406R;2;1;1;k;kl;ff;1;2;1;2;f;25341;f;5;na;k;k;k;p;10;2;2;1;1;2;2;1;1;k;1,x;f;1;1;2;2;u;f;2;i;k;int;k;9;2;2;1;1;1
4553R;2;2;1;na;k;k;1;2;1;2;k;;f;5;na;k;n;p;na;6;na;na;na;na;na;2;1;2;na;x;na;1;1;2;na;u;na;2;i;k;int;k;5;2;2;1;1;2
4557R;1;2;2;na;na;na;1;2;1;2;f;15234;f;5;na;na;na;p;f;7;2;1;1;2;1;2;2;1;k;na;na;1;2;1;2;na;na;2;g;ab;f;k;2;2;2;1;1;1
1103S;2;2;1;sp;k;n;1;2;1;2;k;;na;5;str;ab;na;k;k;5;2;2;1;1;1;2;1;2;k;k;n;2;1;2;2;k;na;2;na;ab;f;fp;5;2;2;1;1;2
1107S;2;2;2;sp;ab;na;1;1;2;2;na;;f;5;k;na;na;k;k;5;1;2;2;2;2;2;1;2;k;ab;na;1;na;na;na;na;f;2;ab;ab;na;k;6;1;1;1;1;2
2254S;1;2;1;na;k;k;1;2;2;2;d;25143;na;0;na;1;ff;k;k;5;1;2;2;2;2;2;2;1;na;k;n;2;2;1;2;na;na;0;na;na;na;na;6;2;1;2;1;1
3405S;2;2;1;k;k;n;1;2;1;2;k;;f;5;k;k;k;k;k;5;2;1;1;1;1;2;1;2;i;s;f;1;2;1;1;ks;f;2;k;k;n;k;5;2;2;1;1;2
4556S;2;2;1;k;ab;f;1;2;1;2;k;;f;5;k;na;na;k;k;7;2;2;2;2;2;0;0;0;k;na;na;1;2;1;2;ks;ku;2;sp;ab;na;k;7;1;1;1;1;1
1106T;2;2;1;sp;ab;na;1;na;1;na;na;;na;5;sp;ab;f;k;k;5;2;1;1;1;2;2;1;1;k;k;n;1;2;1;2;u;k;2;i,nl;na;na;fp;3;2;1;2;1;2
2253T;2;2;1;sp;k;n;1;2;1;2;d;25143;f;5;p;s;n,ff;k;k;5;2;2;1;2;1;2;1;2;k;k;n;1;2;1;2;ks;f;2;k;k;n;k;5;1;2;1;1;2
2257T;2;1;2;k;1;ff;1;2;1;2;d;35124;kr;5;sp;k;k;k;k;5;2;1;1;1;1;2;1;2;k;k;k;1;2;1;2;k;ks;2;k;k;n;k;5;1;2;1;1;2
3404T;na;na;na;i;ab;f;na;na;na;na;na;;na;5;sp;k;n;k;k;5;2;2;1;1;1;2;na;na;k;s;f;1;1;2;2;k;ks;2;i;k;int;fp;5;2;2;1;1;1
4555T;2;1;2;na;k;n,d;1;2;1;2;k;;na;5;sp;ab;na;k;k;5;2;2;2;1;1;2;1;2;k;1;n,ff;1;1;2;2;k;na;2;na;ab;f;k;5;2;2;1;1;2
1109Q;2;1;1;sp;ab;n;2;1;2;1;d;15342;f;5;nl;na;na;na;na;na;na;na;na;na;na;2;1;2;i;ab;f;2;2;1;1;na;na;2;e;k;int;na;na;na;na;na;na;na
1113Q;0;0;0;sp;ab;na;1;2;1;2;d;25143;f;5;na;ab;na;k;k;na;na;na;na;na;na;2;1;2;k;s;n;1;2;1;2;ks;na;2;na;s;f;k;6;2;2;1;1;1
2260Q;2;2;1;sp;s;na;1;2;1;2;d;25143;na;5;na;na;na;k;k;6;na;na;na;na;na;2;1;2;str;k;k;1;1;2;2;k;k;2;na;div,2;ff;k;2;2;2;1;1;1
3411Q;0;0;0;i;ab;n;1;2;1;2;k;;f;5;g;ab;f;k;k;6;2;1;2;1;2;2;1;1;k;ab;f;1;2;1;2;na;ks;2;i;ab;f;k;7;2;2;1;1;2
4558Q;2;1;1;i;na;na;1;2;1;2;f;15243;f;5;k;na;f;k;f;5;2;1;2;2;2;2;1;2;i;na;f;1;1;2;2;f;ab;2;s;na;f;k;5;2;2;1;1;1
4562Q;2;1;1;na;na;na;1;1;1;2;d;25143;na;na;na;na;na;na;na;5;1;1;1;2;2;2;1;1;na;k;n;1;1;2;2;na;na;2;ab;k;int;k;na;na;na;na;na;na
1108R;2;2;1;sp;1;n,ff;1;2;1;2;k;;ku;2;na;ab;f;k;p;7;2;1;1;2;1;2;2;2;na;ab;f;1;1;1;2;na;f;4;k;div,1;ff;k;6;2;2;1;1;2
1112R;2;2;1;sp;ab;f;1;1;2;2;f;45123;f;5;e;ab;na;i;na;5;1;2;2;2;1;2;1;2;k;ab;na;1;2;1;2;u;f;2;sp;1;na;k;0;2;2;1;1;1
2259R;1;1;2;sp;s;f;1;1;2;2;f;23154;f;3;k;s;f;na;f;6;1;2;2;1;1;2;1;2;k;ab;f;1;2;1;2;f;ks;0;sp;s;f;sp;5;2;1;2;2;1
2263R;2;1;2;na;na;na;1;2;2;1;d;45132;f;2;na;ab;na;na;na;6;2;1;1;2;2;2;1;2;ab;ab;na;2;1;1;2;na;na;2;na;ab;na;na;5;1;2;1;2;1
3410R;2;2;1;k;na;na;1;2;2;2;f;25431;f;4;na;na;na;na;f;na;1;2;1;2;1;2;2;1;na;na;na;1;2;1;1;na;na;5;k;na;na;k;na;2;2;1;1;2
4561R;1;2;1;k;1;n,ff;1;2;1;2;k;;ks;4;p;1;int;k;k;6;2;2;1;1;2;1;2;1;k;k;n;1;1;2;2;u;k;2;k;div,2;n,ff;fp;6;2;2;1;1;2
1111S;2;1;1;sp;na;na;1;2;1;2;d;25143;f;5;g;na;na;k;k;5;2;1;1;1;2;2;1;1;k;sp;n;1;1;1;2;na;na;2;g;sp;f;k;2;2;2;1;1;1
2258S;2;1;2;i;ab;na;2;2;1;2;f;25134;f;5;na;ab;na;f;na;3;2;2;2;1;2;2;1;1;k;s;n,ff,d;1;2;1;2;f;f;2;sp;s;na;k;2;2;2;1;1;2
2262S;1;1;2;na;na;na;1;2;2;na;na;;na;na;na;na;na;na;na;na;na;na;na;na;na;2;1;2;k;na;na;1;1;2;2;na;na;na;na;na;na;na;na;na;na;na;na;na
3409S;2;1;2;i;4;f;1;1;1;2;f;25431;f;4;sp;ab;f;k;k;0;1;2;2;2;2;2;1;1;k;ab;f;2;1;2;1;f;f;4;sp;ab;f;sp;0;2;2;1;2;1
3413S;2;2;1;str;s;f;1;1;2;2;d;25143;f;3;ab;s;f;k;k;6;2;1;1;2;1;2;2;2;k;s;f;1;2;1;2;k;ab;1;sp;s;f;f;6;2;2;1;1;1
4560S;2;2;1;sp;ab;na;1;2;1;2;f;45123;ks;3;k;2;na;k;k;5;1;2;1;2;1;1;1;2;k;ab;f;1;1;2;2;na;f;4;na;ab;na;fp;5;1;2;1;1;2
1110T;2;2;2;na;ab;na;1;2;2;1;d;45132;f;4;k;ab;na;k;k;5;1;1;2;2;1;2;2;2;k;s;f;1;2;2;2;na;na;4;ab;ab;na;k;2;2;2;2;1;1
2261T;2;2;1;sp;3;n,ff;1;1;2;1;d;25143;f;4;k;k;k;k;k;10;2;1;1;2;1;2;1;2;k;k;n;1;1;1;1;k;ks,ku;0;sp;2;n,ff;fp;5;1;1;2;2;2
3408T;2;2;1;i;1;n,ff;1;2;2;2;d;45132;ku;5;k;1;k;k;k;5;2;1;1;1;1;2;1;2;k;k;n;1;1;2;2;na;na;2;k;ab;na;k;5;na;2;1;1;2
3412T;0;0;na;na;ab;na;1;na;na;na;f;45312;na;4;g;2;n,ff;k;k;6;1;na;na;na;na;na;na;na;k;1;n;1;0;na;na;na;na;0;g;k;na;k;na;1;na;1;na;na
4559T;2;1;2;na;na;na;2;1;2;1;d;35241;f;5;ab;div,kl;n,ff;k;k;2;1;1;1;2;2;2;2;1;na;kl;n,ff;1;1;2;2;u;ks,ku;2;na;na;na;k;2;1;2;2;1;1
1117Q;2;2;1;sp;k;k;1;1;1;2;k;;na;5;k;k;k;k;k;8;2;2;1;1;1;2;1;2;k;k;k;1;1;2;2;k;na;2;sp;k;nb;k;5;2;2;1;1;2
2264Q;2;2;1;k;kl;ff,d;1;2;1;2;f;25134;k;5;k;kl;ff;k;k;2;2;2;1;2;1;2;1;2;k;k;k;1;2;1;2;k;f;2;k;k;nb;k;5;2;2;1;1;2
2268Q;2;na;na;na;k;n,d;1;1;1;2;d;35241;f;5;na;k;k;k;k;5;na;1;na;na;na;2;1;2;k;k;n;1;1;2;2;k;na;2;i;k;int;k;5;2;2;1;1;1
3415Q;1;1;2;na;f;f;1;2;1;2;d;25143;f;5;k;f;f;k;k;5;1;2;2;2;1;2;1;1;k;k;n;1;2;1;2;ks;ku;2;i;div,1;n,ff;k;5;2;2;1;1;2
4566Q;2;1;1;sp;1;n,ff;1;2;2;2;k;;f;5;e;ab;na;na;na;na;na;na;na;na;na;2;1;1;na;k;n;1;1;2;2;k;na;2;na;s;n,ff;k;5;2;2;1;1;2
1116R;2;2;2;sp;k;n;1;2;1;na;k;;k;5;s;k;n;k;k;5;2;2;1;1;1;2;2;2;k;k;n;2;1;2;2;k;na;2;i;1;ff;k;5;2;2;1;1;2
2267R;2;2;1;k;k;k;1;2;1;2;k;;f;5;k;k;k;na;na;5;2;2;1;2;1;2;1;2;na;k;k;1;1;2;2;u;na;2;sp;k;nb;k;5;2;2;1;1;2
3414R;2;2;1;sp;na;na;1;1;2;2;k;;ku;2;sp;na;na;p;f;3;1;2;2;2;1;1;2;1;i;na;na;1;2;1;2;ks;na;2;sp;na;na;k;5;1;2;1;1;0
3418R;2;1;1;k;k;k;1;2;1;2;k;;k;5;k;1;ff;p;na;na;1;2;1;2;2;2;1;1;na;na;na;1;2;1;2;na;na;2;k;1;ff;k;5;2;2;1;1;2
4565R;2;2;1;k;k;n;1;2;1;na;f;25134;f;5;k;1;k;k;k;5;2;2;1;1;1;2;1;2;k;1;n,ff;1;1;2;2;na;na;2;sp;k;k;k;5;2;2;1;1;2
1115S;1;2;2;ab;k;k;1;1;2;2;k;;f;5;sp;k;k;k;k;5;1;2;1;2;1;1;2;1;k;s;f;2;1;2;2;na;f;4;na;k;k;sp;5;2;2;1;1;1
1119S;2;2;1;i;s;f;1;2;1;2;d;25143;f;4;p;s;f;k;p;0;1;2;2;2;1;1;1;2;k;ab;f;1;2;1;2;k;f;5;i;ab;f;k;5;1;2;1;1;1
4568S;2;2;1;na;1;ff;1;2;1;2;k;;ks;5;k;k;int;k;k;5;2;2;1;1;1;2;1;2;na;k;n;1;2;1;2;k;na;2;ab;k;int;k;2;1;2;1;1;2
1114T;2;2;1;i;k;n,ub;1;2;1;2;d;25143;na;3;k;k;k;k;k;5;2;1;1;1;1;2;1;1;k;k;k;1;1;2;2;k;kt;2;i;k;n;k;5;2;2;1;1;2
1118T;1;2;1;k;kl;n,ff;1;2;2;2;k;;f;5;k;k;k;k;k;5;2;2;1;1;1;1;2;2;k;kl;ff;1;1;2;2;k;f;4;k;kl;ff;k;5;1;2;1;1;2
2632T;2;2;1;sp;ab;f;1;1;2;2;f;45123;ab;5;k;div;n,ff;k;k;5;2;2;1;1;1;2;1;2;k;k;n;1;2;1;2;ks;ab;2;k;k;fk;k;6;2;2;1;1;2
2269T;2;2;1;k;x;f;1;2;1;2;k;;ku;5;p;k;k;k;k;5;2;1;1;1;2;2;1;2;k;k;k;1;2;1;2;k;k;2;k;k;nb;k;5;2;2;2;1;1
3416T;na;na;na;na;1;n,ub,ff;1;2;2;2;f;25134;na;5;g;k;k;k;p;2;2;2;1;2;1;2;1;2;k;k;n;1;2;1;2;k;f;4;g;ab;na;sp;6;1;2;1;1;2
4563T;2;2;1;k;k;k;1;2;2;2;f;45123;kr;5;k;k;k;k;k;5;2;2;1;1;1;2;1;2;k;k;k;1;1;2;2;k;ks,ku;2;k;k;int;k;5;2;2;1;1;2
4567T;1;2;1;na;ab;na;1;1;1;1;d;25143;ab;5;k;ab;na;p;f;6;2;2;1;2;1;2;1;1;i;na;na;1;1;2;2;ks;na;5;na;na;na;na;2;1;2;2;1;1
