"";"a1_1_1";"a1_1_2";"a1_1_3";"a1_2";"a1_3";"a1_4_1";"a1_4_2";"a1_4_3";"a1_4_4";"a1_5";"a1_6";"a2_1";"a2_2";"a2_3";"a2_4";"a2_5";"a2_6_1";"a2_6_2";"a2_6_3";"a2_6_4";"a2_6_5";"b1_1_1";"b1_1_2";"b1_1_3";"b1_2";"b1_3";"b1_4_1";"b1_4_2";"b1_4_3";"b1_4_4";"b1_5";"b1_6";"b2_1";"b2_2";"b2_3";"b2_4";"b2_5";"b2_6_1";"b2_6_2";"b2_6_3";"b2_6_4";"b2_6_5"
"1001Q";1;0;1;0;0;1;NA;NA;0;2;1;1;1;0;2;1;1;1;1;0;1;1;1;1;1;1;1;0;0;1;2;2;1;1;1;1;0;0;1;1;1;1
"1005Q";1;1;1;0;0;1;NA;NA;NA;0;0;1;0;2;0;1;0;1;1;0;0;1;1;1;1;2;1;1;0;1;1;0;1;1;1;0;1;1;1;0;1;1
"2152Q";1;1;1;0;0;1;1;0;0;0;NA;1;NA;NA;NA;0;NA;NA;NA;NA;NA;1;1;0;1;0;1;1;0;1;2;0;1;0;0;1;0;1;1;1;1;1
"2156Q";1;0;0;0;NA;1;1;1;1;1;NA;1;0;NA;2;0;1;0;1;1;0;1;1;1;1;0;1;1;1;0;2;1;1;NA;0;1;1;1;1;1;1;1
"3303Q";1;1;1;1;1;1;1;1;1;2;0;1;1;1;2;1;1;1;0;1;0;1;1;1;1;1;1;1;1;1;2;0;1;1;2;1;0;0;1;1;1;0
"3307Q";1;0;0;NA;0;0;1;1;0;0;0;1;0;0;2;0;0;0;0;0;1;0;0;1;1;0;1;1;1;1;2;NA;1;0;0;1;1;0;1;1;1;0
"4454Q";1;1;1;0;1;1;0;0;1;2;1;1;0;1;2;1;1;1;1;1;1;1;0;0;1;1;1;0;0;1;2;2;1;1;0;1;0;0;1;1;1;0
"1004R";1;0;1;0;0;1;0;0;1;1;0;1;0;0;0;0;0;1;1;0;0;0;0;0;0;0;1;1;1;1;0;0;1;0;0;1;0;1;0;0;1;0
"2151R";0;0;0;0;NA;1;1;1;1;0;NA;0;NA;0;1;0;1;1;0;1;1;0;0;1;1;0;1;0;0;0;0;NA;0;NA;0;1;0;0;1;1;1;0
"2155R";1;1;1;1;1;1;1;1;1;2;2;1;0;0;2;0;1;1;1;1;0;1;1;1;0;1;1;0;1;1;2;NA;1;0;1;1;1;0;1;1;1;1
"3302R";1;0;0;0;1;1;1;1;0;0;0;0;0;NA;0;0;0;1;1;0;0;1;1;1;1;0;1;1;1;1;0;0;1;0;0;1;0;0;1;1;1;0
"3306R";1;1;1;0;1;1;1;1;1;0;0;1;0;2;0;0;1;1;1;0;1;1;1;1;1;0;1;1;1;1;0;0;1;0;0;1;0;1;1;0;1;1
"4453R";1;1;0;1;2;0;0;1;1;0;1;1;0;0;2;1;1;0;1;1;0;1;1;1;NA;1;1;1;1;1;2;NA;1;1;1;1;1;0;1;1;1;0
"1003S";1;1;1;1;2;1;NA;1;NA;2;0;1;1;1;2;1;1;1;0;1;1;1;1;1;1;1;1;0;0;0;1;0;1;0;2;1;1;NA;NA;1;1;NA
"1007S";1;0;0;0;0;1;1;0;0;1;0;0;NA;0;1;0;1;1;0;1;0;1;1;0;1;0;0;1;0;0;NA;0;0;0;0;1;0;1;0;1;1;0
"2154S";1;1;1;1;2;1;1;1;1;2;2;1;1;2;2;1;1;1;1;1;1;1;1;1;1;1;1;1;1;1;2;2;1;1;1;1;1;1;1;1;1;0
"3301S";1;1;1;NA;1;1;1;1;1;1;1;1;1;1;2;1;1;1;0;1;1;1;1;1;NA;1;1;0;0;1;2;0;1;NA;0;1;NA;1;1;1;1;0
"3305S";1;1;1;1;2;1;1;1;1;2;1;1;0;2;2;1;1;1;1;1;1;1;1;1;0;1;1;1;1;1;2;NA;1;1;0;1;0;0;1;1;1;0
"4452S";1;1;1;NA;0;1;1;1;1;1;NA;1;1;2;NA;1;1;1;1;1;0;1;1;1;NA;1;1;0;0;1;2;NA;1;NA;1;NA;0;1;0;1;1;0
"4456S";1;1;1;0;1;1;1;0;1;2;1;1;1;1;2;1;1;1;0;1;0;1;1;1;1;0;1;0;0;1;2;2;1;1;1;1;1;1;1;1;1;1
"1002T";1;1;1;0;1;1;1;1;1;2;1;1;1;1;2;1;1;1;1;1;1;1;1;1;1;1;1;0;0;1;2;0;1;0;1;1;1;1;1;1;1;1
"1006T";1;0;0;1;NA;1;0;0;1;0;NA;1;0;NA;2;1;1;1;1;1;1;0;0;0;1;NA;0;1;0;1;2;0;0;0;0;1;1;1;1;1;0;1
"2153T";1;0;1;0;0;1;1;0;0;0;NA;0;1;0;2;1;1;0;0;1;1;1;1;1;0;0;0;1;1;1;NA;NA;1;NA;0;NA;1;0;1;1;0;1
"2157T";0;1;0;1;NA;1;1;1;1;1;0;1;0;0;2;1;1;1;0;1;1;1;0;0;1;0;1;1;1;1;2;0;1;NA;0;NA;1;0;1;1;1;0
"3304T";1;0;1;0;0;1;1;0;1;2;0;1;0;2;2;1;1;0;0;1;0;1;1;0;1;1;1;0;0;1;2;2;1;0;1;1;0;0;1;1;1;0
"4451T";0;1;0;1;0;1;1;1;1;2;NA;1;0;1;2;1;1;1;1;1;1;1;0;0;1;1;1;1;1;1;2;NA;1;0;0;0;0;1;1;1;1;0
"4676T";1;1;NA;1;1;1;1;1;1;2;0;1;0;1;2;1;1;1;1;1;1;1;1;1;1;2;1;1;1;1;2;1;0;1;1;1;0;1;1;1;1;0
"1009Q";1;0;1;0;0;1;1;1;1;1;NA;1;0;0;1;1;0;1;1;0;0;1;1;0;1;2;1;0;1;1;0;0;1;0;2;1;0;0;1;1;1;0
"1013Q";1;0;1;0;NA;1;1;1;1;0;NA;1;NA;0;1;0;0;1;0;1;0;1;1;0;NA;1;1;1;1;1;2;0;1;NA;0;NA;1;1;0;0;1;0
"2160Q";1;1;0;NA;1;1;1;1;1;1;NA;1;NA;0;NA;1;NA;NA;NA;NA;NA;1;1;1;1;2;1;1;1;1;2;2;1;1;1;1;0;1;1;1;1;1
"3311Q";1;1;0;NA;NA;1;1;1;0;0;NA;NA;NA;NA;NA;NA;0;1;1;0;0;NA;NA;NA;NA;NA;0;1;1;0;NA;NA;0;NA;NA;NA;NA;NA;NA;NA;NA;NA
"4458Q";0;0;1;1;0;0;0;0;0;1;0;1;0;0;1;0;0;1;1;0;1;1;1;1;0;0;1;0;0;1;NA;0;1;NA;0;0;0;1;0;0;1;0
"4462Q";1;0;1;0;NA;1;0;0;1;2;NA;0;NA;0;NA;0;0;1;1;0;0;1;0;0;1;0;1;1;0;1;NA;0;0;0;NA;1;0;0;1;1;1;0
"1008R";1;1;1;0;1;1;1;0;0;0;0;1;0;0;0;0;0;1;0;0;0;1;1;1;NA;0;0;0;0;1;0;0;1;0;1;1;0;1;1;1;1;0
"1012R";1;1;1;NA;1;0;1;1;1;0;0;0;NA;0;NA;0;1;1;1;1;0;1;1;1;1;0;1;1;1;1;NA;NA;1;NA;0;0;0;1;1;1;1;1
"2159R";1;0;0;1;1;1;1;1;1;2;0;0;0;0;0;1;1;1;0;1;0;1;1;1;0;0;1;0;1;1;2;1;1;0;0;1;1;0;0;1;1;0
"2626R";1;1;1;1;2;1;1;1;1;2;1;1;NA;2;1;0;0;NA;NA;NA;NA;NA;1;NA;1;2;1;0;1;0;0;NA;1;1;1;1;1;0;1;1;1;0
"3310R";1;1;1;1;1;1;1;0;1;2;1;1;NA;0;0;0;1;1;NA;1;NA;0;0;1;0;1;1;0;0;1;2;NA;1;0;1;1;1;0;1;1;1;0
"4457R";1;1;1;1;1;1;NA;NA;NA;1;1;1;NA;0;NA;NA;1;1;0;1;0;NA;NA;NA;NA;0;0;0;0;1;NA;NA;1;1;1;1;0;1;1;1;1;0
"4461R";1;0;0;0;2;1;1;0;1;1;1;0;NA;0;1;0;0;1;0;0;0;1;1;0;NA;2;1;0;0;0;NA;NA;0;0;0;1;0;1;1;1;1;0
"1011S";1;0;0;0;1;1;0;1;1;2;0;1;1;1;2;0;1;0;1;1;0;0;0;0;0;0;0;1;1;0;1;NA;1;NA;0;NA;NA;NA;NA;NA;NA;NA
"2158S";1;0;0;NA;NA;1;0;0;1;0;NA;1;NA;NA;NA;NA;NA;NA;NA;NA;NA;0;0;0;1;0;1;0;0;NA;NA;NA;1;0;0;NA;NA;NA;1;NA;NA;1
"2162S";1;0;0;0;2;1;1;1;1;1;0;1;0;1;2;0;1;0;1;1;0;0;NA;NA;NA;0;1;0;0;1;NA;NA;1;NA;0;NA;1;0;1;1;1;1
"3309S";NA;NA;NA;NA;2;1;1;1;1;0;1;NA;1;0;2;1;1;1;1;1;1;1;1;0;NA;NA;1;0;1;0;NA;NA;1;NA;0;NA;NA;1;1;1;1;1
"3313S";1;1;1;0;0;1;0;0;1;0;NA;1;NA;NA;2;NA;1;0;0;0;1;1;1;1;1;NA;1;0;0;1;0;NA;1;0;0;1;NA;1;0;1;1;0
"4460S";1;1;1;NA;0;1;1;0;1;0;1;NA;NA;0;NA;1;0;1;1;0;0;1;0;1;NA;0;1;0;0;NA;NA;NA;1;NA;NA;NA;NA;NA;NA;NA;NA;NA
"1010T";0;1;NA;NA;0;1;0;0;1;1;NA;1;0;0;NA;1;1;0;0;1;1;1;1;1;NA;1;1;0;0;0;NA;1;1;NA;0;1;NA;1;1;1;1;0
"2161T";1;1;1;0;0;1;1;1;1;0;1;1;0;2;0;1;1;0;0;1;1;1;1;1;1;1;1;0;0;1;2;0;1;NA;1;1;1;1;1;1;1;0
"3308T";0;1;0;0;0;1;0;0;1;0;NA;0;1;0;1;1;1;1;0;1;0;1;0;0;1;0;1;0;0;1;2;2;0;NA;0;NA;0;0;1;0;0;0
"3312T";NA;1;1;0;0;1;1;0;1;2;NA;1;1;2;2;1;1;1;1;1;1;1;1;0;1;1;1;1;1;1;2;2;1;0;0;NA;1;1;1;1;1;1
"4459T";1;0;0;0;0;0;1;1;0;0;NA;1;0;0;2;1;NA;NA;NA;NA;NA;1;1;0;1;2;1;1;1;1;NA;NA;1;NA;0;1;0;1;1;1;1;0
"1017Q";1;1;1;0;0;1;1;1;1;NA;0;1;NA;1;0;NA;NA;NA;NA;NA;NA;1;1;1;1;1;1;0;1;1;NA;NA;1;1;1;NA;NA;1;1;1;1;1
"1021Q";1;1;1;1;1;1;1;1;1;0;1;1;1;0;2;1;1;1;1;1;1;1;1;1;1;0;1;1;1;1;2;2;1;1;2;1;1;1;1;1;1;1
"2164Q";0;0;1;1;0;1;NA;1;NA;1;0;1;1;0;2;1;NA;NA;NA;NA;NA;1;0;1;1;1;1;1;1;1;2;2;1;1;0;1;1;1;1;1;1;0
"2168Q";1;1;1;0;0;1;NA;NA;NA;0;NA;0;0;1;NA;1;NA;0;NA;NA;NA;1;0;0;1;0;1;1;NA;NA;0;0;1;0;0;1;1;0;NA;1;NA;NA
"3315Q";1;1;1;0;1;1;1;1;1;2;1;1;1;2;2;1;1;0;1;0;1;1;1;1;1;2;1;0;0;1;2;2;1;1;2;1;1;1;1;1;1;0
"3319Q";1;0;1;0;1;1;1;1;1;2;0;1;1;0;NA;NA;NA;NA;NA;NA;NA;1;1;0;1;2;1;1;1;1;2;1;1;1;2;1;1;1;1;1;1;1
"4466Q";1;1;1;1;0;1;1;1;1;1;2;1;0;2;2;1;1;1;1;0;1;1;1;1;1;1;1;0;1;1;2;1;1;1;1;1;1;1;1;1;1;0
"4470Q";1;0;1;1;1;1;1;1;1;1;0;NA;1;2;2;1;1;1;1;1;1;1;1;0;1;2;1;1;1;1;2;2;0;1;2;1;1;1;1;1;1;0
"1016R";1;0;1;1;2;1;1;1;1;2;1;1;0;2;2;1;1;1;0;1;1;1;1;0;1;1;1;1;1;1;2;2;1;1;2;1;1;1;1;1;0;1
"1020R";1;0;1;NA;2;1;1;0;1;0;1;1;NA;0;NA;NA;NA;NA;NA;NA;NA;1;1;1;NA;NA;NA;NA;NA;NA;NA;NA;1;NA;2;NA;1;1;1;1;1;0
"2167R";1;0;1;1;1;1;1;1;1;2;1;1;NA;1;NA;1;1;0;0;1;1;1;1;0;NA;1;1;0;0;1;1;NA;1;1;2;1;1;1;1;1;1;0
"2171R";1;1;1;1;1;1;1;1;1;0;1;0;NA;2;NA;0;1;1;NA;1;1;1;1;1;NA;1;1;0;0;1;NA;NA;1;1;1;1;1;1;0;1;1;0
"3314R";1;1;1;NA;1;1;1;1;1;0;1;NA;NA;NA;1;1;0;1;0;1;0;0;0;1;NA;NA;1;NA;NA;0;2;NA;1;0;0;1;NA;NA;NA;NA;NA;NA
"3318R";1;0;1;1;1;1;1;0;1;1;1;1;0;0;0;1;0;1;0;0;0;1;1;0;NA;0;0;0;0;0;2;NA;1;1;0;1;1;1;1;1;1;0
"4465R";1;0;1;1;2;1;1;1;1;2;0;1;0;0;0;1;1;1;0;1;NA;1;1;0;1;0;NA;NA;NA;NA;NA;NA;1;1;2;1;1;1;1;1;1;0
"4678R";1;1;1;1;1;1;1;1;1;2;2;1;0;0;NA;NA;NA;NA;NA;NA;NA;NA;NA;NA;NA;NA;NA;NA;NA;NA;NA;NA;1;1;0;1;1;1;1;1;1;0
"1015S";1;1;1;1;2;1;1;1;1;1;0;1;0;0;2;1;1;1;1;1;1;1;1;1;1;1;1;1;1;1;2;2;1;1;1;1;1;1;1;0;1;1
"1019S";1;1;0;1;2;1;1;0;1;2;0;0;1;0;2;1;1;1;1;1;1;1;0;1;1;0;1;0;0;1;2;0;1;1;0;1;1;1;1;1;1;1
"2170S";1;1;1;NA;0;1;1;0;0;0;0;0;0;0;NA;NA;1;0;1;1;0;0;0;1;NA;0;1;0;0;1;2;0;NA;0;0;NA;NA;NA;NA;NA;NA;NA
"3317S";1;1;0;1;1;1;1;0;1;1;2;0;1;1;2;1;1;1;1;0;1;NA;NA;NA;0;1;1;0;0;1;1;0;NA;1;0;1;1;1;1;1;1;1
"4468S";1;1;1;1;2;1;1;1;1;2;1;1;1;2;2;0;0;1;0;0;1;1;1;1;1;1;1;0;1;1;0;2;1;1;1;1;NA;NA;NA;NA;NA;NA
"1014T";1;0;1;1;1;1;1;0;1;2;2;1;1;1;2;1;1;1;1;1;1;1;1;0;1;2;1;0;0;1;1;2;1;1;2;1;1;1;1;1;1;0
"1018T";1;1;1;1;0;1;1;1;1;1;0;0;1;0;1;NA;1;0;1;0;1;0;0;0;1;0;1;1;1;0;2;0;1;0;0;1;0;0;1;1;1;1
"2165T";1;0;0;0;NA;1;1;NA;NA;NA;NA;NA;NA;0;NA;1;0;1;NA;NA;NA;1;1;0;0;0;1;NA;NA;NA;NA;NA;0;0;0;1;0;1;1;1;0;1
"2169T";1;0;0;1;0;0;0;0;0;NA;0;1;0;1;2;0;NA;NA;1;1;NA;1;1;1;1;0;1;1;1;1;1;0;1;NA;1;1;1;0;NA;1;1;NA
"3320T";1;0;1;1;1;1;1;1;1;1;NA;1;1;2;2;1;1;1;1;1;1;1;1;0;1;2;1;1;1;1;2;1;1;1;1;1;0;1;1;1;1;0
"3366T";1;0;1;0;0;1;1;0;1;1;0;1;0;0;0;1;1;1;1;1;1;1;1;0;1;0;1;0;0;1;2;0;0;0;0;1;1;1;1;1;1;0
"4463T";0;0;0;1;1;1;1;1;1;0;0;1;0;1;2;1;1;1;1;1;1;1;1;0;1;2;1;1;1;1;NA;2;0;1;NA;1;1;NA;NA;1;NA;NA
"4471T";1;0;1;1;1;NA;NA;NA;NA;NA;NA;1;1;2;2;1;0;1;0;1;0;1;1;0;1;1;1;0;0;1;2;NA;1;1;1;1;1;1;1;1;1;0
"1605Q";0;1;0;0;0;1;0;0;1;1;0;0;0;0;1;0;0;1;1;1;0;0;NA;0;1;NA;1;1;1;1;1;0;0;0;0;1;0;1;0;1;1;0
"2172Q";0;0;1;0;0;1;1;0;0;1;0;0;0;0;0;1;1;0;0;1;1;1;1;1;1;0;0;0;0;1;2;NA;0;NA;0;1;1;1;1;1;1;0
"3323Q";1;0;1;0;NA;1;1;1;1;0;NA;0;0;NA;1;NA;1;0;1;0;1;NA;NA;NA;1;0;1;0;1;1;2;NA;0;0;NA;1;1;0;1;1;1;1
"4679Q";1;0;1;NA;0;1;1;1;1;0;0;1;NA;NA;NA;1;1;0;0;1;1;1;1;0;NA;0;1;1;1;0;2;NA;1;NA;0;1;0;0;1;1;1;0
"1024R";1;0;0;1;NA;1;0;0;0;0;1;1;0;0;2;1;0;1;0;0;0;1;1;1;NA;NA;1;1;NA;NA;NA;NA;1;0;0;1;0;1;1;1;1;0
"2175R";1;0;1;1;0;1;1;1;1;2;2;1;1;0;1;1;1;1;1;0;1;1;1;0;0;NA;1;1;1;1;NA;NA;1;0;0;1;0;0;1;1;1;0
"3322R";1;0;1;1;1;1;1;1;1;2;2;1;1;2;2;0;1;1;1;1;1;1;1;0;1;1;1;1;1;1;1;0;1;0;2;1;0;0;1;1;1;0
"4473R";1;0;1;1;NA;1;1;1;1;1;0;1;1;0;2;NA;1;0;1;1;1;1;1;1;1;NA;1;0;0;1;0;NA;1;0;0;1;0;0;1;1;1;0
"2166S";0;0;0;0;NA;0;1;1;0;2;NA;1;NA;NA;1;0;1;1;1;1;0;1;1;0;0;NA;1;0;0;0;NA;NA;NA;0;NA;0;0;1;0;1;0;1
"2174S";1;0;1;1;1;1;1;0;1;2;0;1;1;0;2;1;1;1;1;1;0;1;1;1;0;1;1;0;0;1;0;0;1;0;1;1;0;0;1;1;1;0
"3321S";0;1;1;0;0;0;0;0;0;2;0;1;0;0;1;0;0;1;1;0;1;1;1;1;0;0;1;0;0;0;2;NA;0;1;0;1;0;1;1;1;1;1
"3325S";1;0;1;0;0;1;1;1;1;1;0;0;1;0;2;1;1;0;0;1;1;1;0;0;1;0;1;1;1;1;NA;0;1;0;1;1;0;1;1;1;1;0
"4464S";NA;NA;NA;0;0;1;1;0;1;2;1;0;0;0;2;1;1;1;1;1;1;0;0;1;0;0;1;1;1;1;1;0;1;1;0;1;0;1;1;1;1;1
"4472S";1;0;1;1;1;1;1;1;1;2;1;1;1;0;2;1;1;0;1;1;0;1;1;0;0;0;1;0;0;1;1;0;1;0;0;1;0;1;1;0;1;1
"1022T";NA;NA;NA;NA;NA;1;1;1;1;NA;NA;0;NA;2;NA;NA;0;1;1;0;1;NA;NA;NA;NA;0;1;1;1;1;NA;0;1;NA;NA;NA;NA;1;1;1;0;1
"2173T";0;1;0;NA;NA;1;1;1;1;1;0;0;NA;NA;NA;1;1;0;1;0;1;0;0;0;0;NA;0;1;1;0;0;NA;0;0;0;NA;NA;0;1;1;0;0
"3324T";1;1;1;1;0;1;1;1;1;2;1;1;1;1;2;1;1;0;1;1;1;1;1;1;1;0;0;0;1;1;0;2;1;0;1;1;1;1;1;1;1;0
"4457T";1;1;1;0;NA;0;1;1;1;0;NA;1;1;2;2;0;0;1;0;1;0;1;1;1;1;1;1;0;1;0;NA;NA;1;0;0;NA;0;0;0;0;1;0
"4680T";1;0;1;NA;NA;0;0;0;0;0;NA;NA;NA;NA;1;NA;0;1;1;0;1;0;0;0;NA;NA;1;1;1;1;NA;NA;NA;NA;NA;NA;NA;1;0;0;1;0
"1029Q";0;1;1;0;1;1;1;1;0;0;0;0;0;1;2;1;0;1;0;0;1;1;1;1;1;1;1;0;0;1;2;2;1;1;1;1;1;1;1;1;1;0
"2176Q";1;1;1;NA;0;1;1;1;1;0;NA;0;NA;NA;NA;1;1;1;1;1;1;1;1;0;NA;1;1;0;0;1;2;NA;0;NA;1;1;1;1;1;1;1;0
"2180Q";1;0;0;0;1;0;1;1;0;0;NA;1;NA;1;NA;1;1;1;1;1;0;1;0;0;1;1;1;0;1;0;2;0;1;NA;1;1;1;1;0;0;1;0
"3327Q";1;0;0;1;2;1;1;1;1;2;NA;1;NA;0;2;0;1;1;0;1;1;1;1;0;1;2;1;1;1;NA;2;NA;1;0;2;1;1;1;1;1;1;0
"3331Q";1;1;1;NA;0;0;0;1;1;0;0;0;0;0;NA;0;NA;NA;NA;NA;NA;1;1;1;0;0;1;0;0;1;NA;0;0;NA;NA;NA;0;NA;NA;NA;NA;NA
"4478Q";1;1;1;NA;0;1;1;1;1;0;NA;1;NA;0;0;1;0;1;1;0;0;1;1;1;1;2;1;1;1;NA;1;NA;1;NA;1;1;1;1;1;1;1;0
"1028R";0;1;1;NA;NA;0;0;0;0;1;NA;0;NA;0;NA;1;0;1;1;0;1;0;0;0;1;0;1;0;0;1;NA;NA;1;NA;0;0;1;0;1;1;0;1
"2179R";1;1;1;0;1;1;0;0;0;2;0;0;NA;0;1;1;0;1;1;0;0;1;1;1;0;0;1;0;0;0;0;0;0;0;2;1;1;0;1;1;1;0
"3326R";1;1;1;0;NA;1;1;1;1;0;2;1;NA;0;NA;0;0;1;0;NA;NA;1;1;1;NA;NA;NA;NA;NA;NA;NA;NA;1;0;NA;1;1;1;1;1;1;1
"3330R";1;1;1;1;1;0;1;1;1;2;0;1;NA;1;NA;1;0;1;1;0;0;NA;NA;NA;NA;1;NA;NA;NA;NA;NA;NA;1;1;1;1;1;1;1;1;1;0
"4477R";1;1;1;0;2;1;0;1;1;2;0;0;NA;0;2;1;NA;NA;NA;NA;NA;1;1;1;1;NA;1;NA;NA;NA;NA;NA;1;NA;0;1;1;1;1;1;1;0
"4481R";1;0;1;1;1;0;0;0;1;1;0;1;NA;0;NA;NA;0;NA;NA;NA;NA;1;1;0;NA;0;0;1;0;1;2;NA;1;1;0;1;1;1;1;0;1;1
"1023S";1;0;0;NA;NA;1;1;0;0;2;NA;0;0;NA;1;1;0;1;0;0;0;0;0;0;0;NA;0;0;0;1;2;NA;0;0;0;1;1;1;0;0;0;0
"1027S";1;1;1;0;2;1;1;0;0;2;2;1;0;0;2;1;1;1;0;1;0;1;1;0;0;1;1;0;0;1;2;2;1;1;0;1;1;1;1;0;1;1
"1031S";1;0;1;0;1;1;1;0;1;2;0;1;0;0;1;1;1;1;0;1;1;0;0;0;NA;0;1;0;0;1;2;0;0;0;0;1;1;1;1;0;1;1
"2178S";1;1;1;1;2;1;1;1;1;2;0;1;1;2;2;1;1;0;1;1;0;1;1;1;1;0;1;1;0;1;2;1;1;1;0;1;1;1;1;1;1;0
"3329S";1;0;1;1;1;1;0;NA;NA;2;2;1;0;1;2;NA;1;1;0;1;0;1;1;0;1;1;1;0;0;1;2;NA;1;1;0;1;1;1;1;0;1;1
"4476S";1;1;1;1;1;1;1;1;1;2;1;1;1;2;2;1;1;1;0;1;0;0;0;0;1;0;1;0;0;1;NA;NA;1;1;1;1;1;1;1;1;1;1
"4480S";NA;NA;NA;NA;NA;1;1;1;1;0;0;0;NA;0;2;1;NA;NA;NA;NA;NA;0;0;0;NA;NA;0;NA;NA;NA;NA;NA;NA;NA;0;NA;NA;NA;NA;NA;NA;NA
"1026T";1;0;1;1;0;1;1;1;1;2;NA;1;1;1;2;1;1;1;1;1;1;1;1;1;1;1;1;0;0;1;2;2;0;1;0;1;1;NA;NA;1;NA;NA
"1030T";1;1;1;1;1;1;1;0;1;2;2;1;1;1;2;1;1;1;0;1;1;1;1;1;1;2;1;0;0;1;2;1;1;1;2;1;0;1;1;1;1;0
"2177T";0;1;1;0;0;1;1;1;1;0;NA;0;0;0;2;1;1;0;1;0;1;1;0;1;1;0;1;1;1;1;NA;0;0;NA;0;NA;1;NA;1;1;1;1
"2181T";1;1;1;1;1;1;1;1;1;2;2;1;0;1;2;1;1;1;1;1;1;1;1;1;1;1;1;0;0;1;0;2;1;0;2;1;1;1;1;1;1;0
"3328T";1;1;1;1;NA;1;1;1;1;1;0;1;1;0;2;NA;1;1;0;1;0;1;0;0;1;0;1;0;0;1;2;1;1;1;1;1;1;1;1;1;1;0
"4479T";1;1;1;1;1;1;1;1;1;2;0;1;1;1;2;1;1;1;0;1;0;1;1;1;1;2;1;0;0;1;2;1;1;0;1;0;0;0;1;1;1;0
"1037Q";0;0;0;0;0;1;0;0;1;2;0;0;0;0;2;1;1;0;0;1;0;0;0;1;1;1;1;0;1;1;2;1;0;0;1;1;1;1;1;1;1;0
"2184Q";1;0;1;0;0;NA;NA;NA;NA;NA;0;1;0;NA;0;0;0;1;1;0;0;1;1;0;0;NA;1;0;1;0;NA;NA;1;NA;0;1;0;0;0;0;1;0
"3335Q";1;1;1;0;0;1;1;0;1;2;0;1;0;0;2;1;0;1;0;0;1;1;1;0;0;0;1;1;0;1;2;0;1;NA;1;1;1;1;1;1;1;0
"4482Q";1;1;1;0;0;1;0;0;0;0;0;0;0;NA;1;1;1;1;0;1;0;1;0;0;NA;0;1;0;1;0;NA;0;1;0;NA;1;1;1;1;1;1;1
"4486Q";1;0;1;NA;NA;1;1;1;1;1;NA;1;NA;NA;NA;0;1;1;0;1;1;1;0;0;1;1;1;1;1;1;NA;2;1;1;0;1;1;1;1;1;1;1
"1036R";1;1;1;NA;NA;1;1;0;1;2;1;0;NA;NA;2;NA;1;0;1;0;1;0;0;0;NA;NA;0;1;1;1;2;2;1;NA;NA;1;1;1;1;1;1;1
"2183R";1;0;0;NA;NA;1;1;0;0;0;NA;1;NA;0;NA;1;0;1;1;0;1;1;1;0;NA;NA;1;1;1;1;NA;NA;0;NA;NA;0;0;1;1;1;1;1
"3334R";NA;NA;NA;NA;NA;1;0;0;1;0;0;0;NA;0;NA;0;1;0;1;0;0;1;1;0;0;NA;1;1;1;1;NA;NA;0;NA;0;NA;NA;NA;NA;NA;NA;NA
"4485R";1;0;1;NA;NA;1;1;0;0;0;NA;1;NA;NA;0;NA;NA;NA;NA;NA;NA;1;1;0;NA;NA;1;1;1;1;NA;0;1;0;NA;1;0;1;0;1;0;0
"1035S";1;0;1;0;1;0;0;1;1;0;NA;1;NA;0;1;1;1;1;1;1;1;1;1;0;0;0;1;0;1;0;1;NA;1;0;0;1;1;0;1;1;1;1
"2182S";1;0;1;1;2;1;1;0;1;2;1;1;1;2;2;1;1;1;1;1;1;1;1;0;1;1;1;1;1;0;2;1;1;1;0;1;1;1;1;1;1;0
"2186S";1;1;1;0;1;1;1;1;1;2;0;1;1;2;2;0;1;1;0;1;0;1;1;1;1;0;1;0;0;1;0;NA;1;0;0;1;0;0;0;0;1;0
"3333S";0;1;1;0;0;1;1;1;1;2;0;1;1;0;2;0;0;0;1;0;0;0;0;1;0;0;1;0;1;0;2;0;0;0;0;1;0;0;0;0;1;0
"1034T";0;1;1;0;0;1;1;1;0;1;0;0;0;0;2;1;1;1;0;1;0;1;0;0;1;NA;1;1;0;1;1;0;0;NA;NA;0;0;1;0;1;1;0
"3332T";0;1;0;0;0;NA;NA;NA;0;0;0;0;1;0;2;0;1;0;0;1;0;1;1;1;1;NA;1;0;0;1;2;0;0;0;0;1;1;0;1;0;1;1
"3336T";1;1;1;0;1;1;1;1;1;1;NA;1;1;1;2;1;1;1;1;1;1;1;1;1;0;1;1;0;0;1;1;1;1;0;1;1;0;0;1;1;1;0
"4483T";0;1;1;1;1;1;0;0;1;1;0;1;1;NA;2;0;1;1;1;1;0;1;1;0;1;1;1;0;0;0;0;0;1;0;0;1;1;1;1;1;1;1
"1041Q";1;0;1;NA;0;1;1;1;1;1;0;1;1;0;2;1;NA;NA;NA;NA;NA;1;1;1;1;1;1;0;0;1;2;1;1;1;1;1;1;1;1;1;1;0
"2188Q";1;0;0;1;1;1;1;1;1;0;0;1;1;1;2;1;1;0;1;1;1;1;1;1;1;1;0;1;1;1;2;1;1;1;2;1;1;1;1;1;1;1
"2192Q";1;1;1;1;0;1;0;0;1;0;2;1;NA;2;2;1;1;1;1;0;1;1;1;1;1;1;1;NA;0;1;2;2;1;1;2;1;0;1;1;1;1;0
"3339Q";1;1;1;1;0;1;1;1;1;2;1;1;1;1;2;0;1;1;1;1;1;1;1;1;1;1;0;1;1;1;2;2;1;1;1;1;0;1;1;1;1;0
"4490Q";1;1;1;1;1;1;1;1;1;2;2;1;1;2;2;1;1;1;1;1;1;1;0;1;1;2;1;1;1;1;2;2;1;1;1;1;1;1;1;1;1;1
"1040R";1;0;1;1;2;1;1;1;1;1;1;0;0;1;2;0;0;1;1;0;0;1;1;1;1;1;1;1;1;1;2;2;0;0;1;1;1;1;1;1;0;0
"2187R";0;1;0;1;2;1;1;1;0;2;0;1;1;0;1;0;0;1;0;0;0;0;0;1;0;0;1;0;0;1;NA;0;1;0;2;1;0;0;1;1;1;0
"2191R";1;1;0;0;2;1;1;1;1;2;NA;1;NA;0;2;1;1;0;1;1;NA;1;1;1;1;NA;1;NA;NA;NA;NA;NA;1;0;1;1;0;1;1;1;1;0
"3338R";1;1;0;1;2;1;1;0;1;2;1;0;0;0;2;1;1;1;1;1;1;1;1;1;NA;0;1;0;0;1;0;NA;1;0;2;1;0;1;1;1;1;0
"4489R";1;1;1;0;1;1;1;1;1;2;2;1;NA;1;0;1;0;0;0;0;0;1;1;1;1;0;NA;NA;NA;NA;NA;NA;1;0;1;1;1;1;1;1;1;0
"1039S";1;1;1;1;2;1;1;1;1;2;1;1;0;2;2;1;1;0;0;1;1;1;1;1;1;0;1;0;1;0;2;NA;1;1;NA;1;1;1;0;1;1;0
"2190S";1;1;1;1;1;1;1;1;1;2;0;1;0;1;2;1;1;1;1;1;1;1;1;0;NA;0;1;1;1;1;2;2;1;1;1;1;1;1;1;1;1;0
"3337S";1;1;1;1;1;1;1;1;1;2;2;1;1;1;2;1;1;1;1;1;0;1;1;1;1;0;0;1;1;0;2;0;0;0;1;1;1;0;1;1;1;0
"3341S";1;1;1;0;0;1;1;1;1;0;0;1;0;0;2;0;1;1;0;1;1;1;1;1;NA;0;1;0;0;0;0;0;1;0;0;0;0;1;1;1;1;1
"4488S";1;1;1;1;2;1;1;0;1;2;2;1;1;2;2;1;1;1;1;1;1;1;1;1;1;2;1;1;1;1;2;2;1;1;0;1;1;1;1;1;1;1
"1038T";0;1;0;NA;0;1;1;1;1;0;NA;1;0;0;2;0;1;0;0;1;1;1;0;0;NA;0;1;0;0;1;2;2;1;0;0;1;0;1;1;1;1;1
"1042T";1;0;1;1;1;1;1;1;1;0;1;1;1;0;2;1;1;1;1;1;1;1;1;1;1;2;1;0;1;1;2;1;1;1;0;1;1;0;1;1;0;0
"2189T";1;1;1;1;1;1;1;0;1;1;2;1;1;2;2;1;1;1;1;1;1;1;1;1;1;1;1;1;1;1;2;1;1;1;1;1;1;1;1;1;1;0
"3340T";1;0;0;1;NA;1;1;0;0;0;NA;1;1;NA;2;0;0;0;0;0;1;0;1;1;NA;NA;1;1;1;1;NA;NA;1;NA;NA;0;0;0;1;0;1;1
"4487T";1;1;1;1;1;1;1;1;1;1;2;1;0;2;2;1;1;1;1;1;1;1;1;1;1;2;1;0;0;1;2;2;1;0;0;1;1;1;1;0;1;1
"4491T";1;1;1;0;0;1;1;1;1;0;NA;1;1;2;2;1;1;1;1;1;1;1;1;1;1;2;1;1;0;1;2;2;1;0;0;0;1;1;1;1;1;1
"1045Q";1;1;1;0;1;1;1;1;1;0;0;1;0;2;1;1;0;1;0;0;1;1;1;1;1;1;0;0;0;1;1;1;1;1;0;1;1;0;1;1;1;0
"2196Q";1;0;1;0;0;1;0;0;1;0;0;1;NA;0;2;0;0;1;0;0;1;1;1;0;1;0;1;1;1;1;NA;NA;1;NA;0;1;0;1;1;1;1;0
"3343Q";1;1;1;0;0;1;1;0;0;0;0;1;0;0;NA;1;1;0;1;0;1;1;1;1;1;1;1;1;1;1;1;0;1;0;1;1;1;1;1;1;1;0
"3347Q";1;1;1;0;0;NA;NA;NA;NA;NA;0;0;NA;0;1;1;NA;NA;NA;NA;NA;1;1;1;1;1;1;1;1;1;NA;0;1;1;1;1;1;1;NA;1;1;0
"4494Q";1;0;1;NA;1;1;1;0;1;0;2;0;1;0;1;1;0;1;0;0;1;1;1;0;0;1;1;1;1;1;2;2;0;0;1;1;1;0;1;1;1;1
"4498Q";1;1;1;NA;0;1;1;1;1;0;NA;1;1;0;2;1;1;0;0;1;1;1;1;0;1;1;1;1;1;0;0;1;1;0;0;1;1;0;0;1;1;1
"1044R";1;1;1;0;1;1;1;0;1;2;0;1;0;NA;NA;0;1;0;0;0;1;1;1;1;1;1;0;1;0;1;NA;NA;1;0;2;0;0;1;1;1;1;1
"1048R";0;1;1;0;0;1;1;1;0;0;1;0;1;0;2;0;0;1;0;0;1;1;1;0;1;0;1;1;1;0;1;0;1;0;0;1;1;1;1;0;1;1
"2195R";1;0;1;1;0;1;1;0;0;0;0;1;0;0;1;0;0;1;0;1;0;0;1;1;NA;0;1;1;1;0;NA;NA;1;0;0;0;0;0;1;1;1;1
"3342R";1;1;1;1;2;1;1;1;1;2;1;1;1;0;2;0;1;0;1;0;1;1;1;1;0;1;1;0;0;1;2;1;1;1;1;1;1;1;1;1;1;0
"4493R";1;1;1;NA;0;1;1;1;1;2;1;0;NA;NA;NA;0;1;1;1;1;0;1;0;0;0;0;1;0;0;1;0;0;1;0;0;1;0;1;1;1;1;0
"4497R";1;1;1;0;0;NA;NA;NA;NA;1;0;1;NA;0;NA;NA;0;0;1;0;1;1;1;0;NA;0;1;0;0;0;0;NA;1;0;1;1;1;1;1;1;1;0
"1043S";1;1;1;1;1;1;1;1;1;2;2;1;1;2;2;1;1;1;1;1;1;1;1;1;1;1;1;1;1;1;2;1;1;1;1;1;0;1;1;1;1;1
"1047S";1;1;1;1;2;1;1;0;1;2;1;1;1;1;2;1;1;0;0;1;1;1;1;1;1;1;1;0;0;1;2;1;1;1;1;1;1;1;1;1;1;0
"2194S";1;0;1;1;0;1;0;0;1;1;0;1;0;NA;2;1;1;0;0;1;NA;1;1;0;0;0;1;0;0;1;0;1;1;0;0;1;1;1;1;1;1;0
"2198S";1;1;1;0;0;1;1;1;1;2;0;1;0;0;2;1;1;1;1;0;1;1;1;1;NA;1;1;0;0;0;NA;NA;1;0;0;1;NA;NA;NA;NA;NA;NA
"3345S";0;0;0;0;NA;0;0;0;0;1;NA;0;NA;0;0;0;0;0;1;0;0;1;1;1;1;NA;1;1;1;0;0;0;0;0;0;1;0;1;1;1;1;1
"4492S";1;0;1;NA;1;1;1;0;0;0;NA;1;1;0;2;1;0;1;1;0;1;1;1;0;NA;1;1;0;1;0;NA;NA;1;0;1;1;1;0;1;0;1;0
"4496S";1;0;0;0;1;1;1;1;1;1;1;1;0;1;2;1;1;1;1;1;1;1;1;1;1;1;1;1;1;1;1;1;1;0;1;NA;1;1;1;1;1;1
"1046T";NA;0;NA;NA;0;1;0;0;NA;2;0;1;0;1;2;1;NA;NA;NA;NA;NA;1;1;1;NA;1;1;1;1;1;1;NA;1;0;0;NA;0;0;1;1;0;0
"2193T";1;1;1;0;1;1;1;1;1;0;0;0;1;2;2;1;1;1;1;1;1;1;1;1;1;2;1;1;1;1;NA;1;1;1;1;1;1;0;1;1;1;0
"3344T";1;0;1;1;1;1;1;1;1;2;1;1;1;2;2;1;1;1;1;1;1;1;1;1;1;1;1;0;0;1;0;2;1;1;1;1;1;1;1;0;1;1
"3348T";1;1;1;1;1;1;1;1;1;0;2;1;1;1;2;1;1;1;1;1;1;1;1;1;1;1;1;1;1;1;2;2;1;1;1;1;1;1;1;1;1;0
"4495T";1;1;1;0;NA;1;0;1;0;1;0;1;1;1;2;1;1;1;1;1;0;1;1;1;1;0;1;1;1;1;1;2;1;NA;0;NA;0;0;0;0;0;0
"1049Q";1;1;1;0;1;1;1;1;1;0;0;0;NA;1;2;0;1;1;0;1;0;1;1;1;0;1;1;0;1;1;2;NA;0;1;2;1;1;1;1;1;1;1
"1053Q";1;1;1;1;2;1;1;1;1;2;0;1;1;2;2;1;1;1;1;1;1;1;1;1;1;2;1;0;0;1;2;0;1;1;2;1;1;1;1;1;1;0
"2200Q";1;1;1;1;1;1;0;0;1;1;1;1;1;1;2;NA;1;1;1;1;1;1;1;1;1;2;1;1;1;1;0;2;1;1;2;1;1;1;1;1;1;1
"2204Q";1;NA;1;0;0;0;0;0;0;1;NA;1;0;0;NA;NA;NA;NA;NA;NA;NA;1;1;1;1;0;0;0;0;0;1;NA;1;0;1;1;NA;1;0;0;1;0
"3351Q";1;0;1;0;0;1;1;1;1;0;0;1;NA;NA;0;0;0;1;1;0;0;1;1;0;NA;NA;0;1;1;0;0;NA;1;NA;0;NA;1;1;1;0;1;1
"4502Q";1;1;0;NA;0;1;1;0;1;2;0;1;1;0;NA;NA;NA;NA;NA;NA;NA;NA;1;1;1;1;1;1;1;1;1;1;1;1;2;1;1;1;1;1;1;0
"1052R";1;1;1;1;2;1;1;1;1;1;1;1;1;1;2;0;1;0;1;1;1;1;1;1;1;1;1;1;1;1;0;NA;1;1;1;1;1;1;1;1;1;0
"2199R";1;0;0;0;NA;1;0;0;0;1;NA;0;NA;NA;NA;1;1;1;1;1;1;1;1;1;NA;NA;1;0;0;0;NA;0;1;0;0;0;1;1;1;1;1;0
"2203R";1;0;1;0;NA;1;1;1;1;1;1;0;0;0;2;1;1;0;0;1;1;1;0;0;1;0;1;0;0;0;0;0;0;0;0;1;0;1;1;1;1;1
"3350R";1;0;1;1;2;1;1;1;1;2;1;1;1;0;2;1;0;1;1;0;1;1;1;0;1;1;1;0;0;1;2;0;1;1;1;1;1;1;1;1;1;0
"3354R";1;1;1;0;0;0;0;1;1;1;0;0;NA;0;1;1;1;1;1;1;1;1;0;0;1;0;0;0;0;0;NA;NA;1;0;0;1;1;0;1;0;1;1
"4501R";1;1;1;1;0;0;0;1;1;2;0;1;NA;0;NA;1;0;1;1;0;1;1;1;0;0;0;1;0;0;1;0;0;1;NA;1;0;0;1;0;0;1;0
"1051S";1;1;1;0;0;1;1;1;1;2;0;1;1;2;2;1;1;1;1;1;0;1;1;1;1;0;0;0;0;1;0;1;1;0;0;1;0;1;1;1;1;1
"1055S";1;0;1;0;1;1;1;1;1;2;0;1;NA;1;2;0;NA;NA;NA;NA;NA;1;1;0;1;0;1;0;1;0;0;0;1;0;0;1;0;1;0;1;1;0
"2202S";1;1;1;1;2;1;1;1;1;0;1;0;1;1;2;1;1;1;1;1;1;1;1;1;1;1;1;0;0;1;0;0;0;1;1;1;1;1;1;1;1;0
"3349S";1;1;1;1;2;1;1;1;1;2;1;1;1;2;2;1;1;1;1;1;1;1;1;1;1;2;1;0;0;0;0;NA;1;1;1;1;1;1;1;1;1;1
"3353S";1;0;1;0;0;1;1;0;1;2;1;1;0;1;2;1;1;1;1;1;0;1;1;0;1;0;1;0;1;1;0;0;1;0;0;1;0;1;1;1;1;0
"4500S";1;1;1;1;1;1;1;1;1;2;0;1;1;1;2;1;1;0;1;1;1;1;0;0;1;1;1;0;0;1;2;NA;1;0;1;0;1;1;0;0;0;0
"4504S";0;1;1;0;0;1;1;1;1;1;0;1;NA;0;2;1;1;1;1;1;0;1;1;0;1;NA;1;0;0;1;0;NA;1;NA;NA;1;0;0;1;1;1;0
"1050T";1;1;1;1;0;1;1;1;1;1;1;1;1;1;2;1;1;1;1;1;0;1;1;1;1;1;1;0;0;1;0;1;1;1;1;1;0;0;1;1;1;0
"1054T";1;1;1;1;1;1;1;1;1;1;1;1;1;2;2;1;1;1;1;1;1;1;1;1;1;2;1;0;1;1;2;1;1;1;0;1;1;1;1;1;1;1
"2201T";1;1;1;1;2;1;1;1;1;2;2;1;1;2;2;1;1;1;1;1;0;1;1;1;0;2;1;1;1;1;2;1;1;1;1;1;1;1;1;1;1;1
"3352T";1;1;1;1;1;1;1;1;1;0;1;1;1;1;2;1;1;1;1;1;1;1;1;1;0;2;1;1;1;1;2;1;1;1;NA;1;1;1;1;1;1;1
"4499T";1;1;1;0;1;1;1;1;1;NA;NA;1;1;0;2;1;1;0;1;1;1;1;1;1;1;2;1;0;0;1;2;1;1;NA;0;1;1;0;1;0;1;1
"4503T";1;1;1;0;1;1;1;1;1;2;1;1;0;2;2;1;1;1;1;1;1;1;1;1;1;2;1;0;0;1;0;2;1;0;0;1;1;1;1;1;1;1
"1057Q";1;1;1;1;1;1;0;1;1;2;2;1;1;0;2;0;1;0;0;0;0;1;1;0;1;1;1;1;1;1;2;1;1;1;0;1;1;1;1;1;1;0
"2208Q";NA;NA;NA;NA;0;0;0;1;1;0;NA;0;NA;0;NA;NA;NA;NA;NA;NA;NA;1;0;0;NA;NA;1;1;0;1;NA;NA;0;NA;NA;NA;NA;NA;NA;NA;NA;NA
"3355Q";1;NA;NA;NA;1;1;NA;NA;NA;0;NA;1;NA;1;NA;0;NA;NA;NA;NA;NA;1;1;1;NA;2;NA;0;0;NA;0;NA;1;NA;0;1;0;1;1;1;0;0
"3359Q";1;1;1;0;1;1;1;1;1;0;0;1;NA;0;NA;0;1;NA;0;0;NA;1;1;1;1;0;1;1;1;0;0;NA;1;0;1;NA;NA;NA;NA;NA;NA;NA
"4506Q";0;1;0;NA;0;1;1;1;0;0;0;1;1;NA;0;NA;NA;NA;NA;NA;NA;1;0;0;NA;0;1;1;1;1;NA;NA;1;NA;NA;1;0;0;1;1;1;0
"4510Q";1;1;0;NA;2;0;0;1;1;2;NA;1;NA;1;1;1;1;1;1;1;1;1;1;0;1;2;1;0;0;1;0;1;1;1;2;1;1;0;1;1;1;0
"1056R";1;1;1;1;2;1;1;1;1;2;2;1;1;1;2;1;1;0;1;1;1;1;1;1;1;1;1;1;1;1;1;NA;1;1;1;1;1;1;1;1;1;0
"1060R";1;1;1;0;2;1;1;1;1;2;0;1;1;1;2;0;1;1;0;1;1;1;1;1;1;1;1;0;0;1;2;1;1;0;0;1;1;0;1;1;1;1
"2207R";1;0;0;0;2;1;1;1;1;1;NA;0;0;0;1;0;0;1;0;0;0;0;0;1;NA;NA;1;NA;NA;NA;NA;NA;0;NA;0;1;1;0;1;1;0;0
"3358R";1;0;1;1;0;1;1;0;0;2;1;1;0;0;0;1;1;0;1;0;1;1;1;0;1;0;1;1;1;1;2;NA;1;1;1;1;0;1;1;1;1;1
"4505R";1;0;1;1;0;NA;NA;NA;NA;NA;NA;0;NA;1;NA;1;NA;NA;NA;NA;NA;1;1;1;NA;0;1;0;0;NA;NA;NA;1;1;0;1;1;1;1;1;1;0
"4509R";1;1;1;1;1;1;1;1;1;2;1;1;0;0;2;NA;1;1;1;1;1;1;1;1;1;0;1;1;1;1;2;NA;1;1;2;1;1;1;1;1;1;1
"1059S";0;0;1;0;0;0;1;1;0;2;NA;NA;1;0;0;1;1;1;1;0;1;1;0;0;0;NA;1;0;1;1;NA;NA;1;0;NA;NA;0;1;1;0;0;0
"2206S";1;1;0;NA;NA;0;0;1;1;0;NA;0;NA;NA;NA;1;0;1;0;1;0;1;0;1;1;NA;1;1;1;1;NA;NA;1;NA;NA;NA;0;0;1;1;1;0
"2210S";1;0;0;NA;1;1;0;0;1;0;0;1;0;1;1;0;1;0;0;0;1;1;1;1;0;0;1;1;1;1;1;NA;1;NA;0;0;1;0;1;1;1;1
"3357S";1;0;0;0;0;1;1;1;1;1;0;1;0;1;2;1;1;0;1;0;0;1;1;1;1;0;1;0;0;1;0;NA;1;0;0;0;0;0;1;1;1;0
"4508S";1;0;1;1;1;1;1;1;1;0;0;1;1;0;2;NA;1;1;NA;NA;NA;1;1;0;1;0;1;1;1;1;NA;NA;1;NA;0;1;NA;1;1;1;1;1
"1058T";NA;0;NA;0;NA;1;NA;1;0;0;0;NA;NA;0;1;0;1;0;1;1;1;0;1;1;0;0;1;0;0;1;0;1;1;0;0;0;0;1;1;0;0;1
"2205T";0;1;1;0;0;1;1;0;0;1;0;1;0;0;2;0;1;0;1;0;0;1;1;1;1;0;1;0;0;1;NA;NA;1;NA;0;1;1;0;1;1;1;0
"2209T";1;1;1;NA;NA;1;1;1;1;2;NA;1;NA;1;2;1;1;1;1;1;1;1;1;1;NA;0;1;0;0;1;0;NA;1;NA;NA;1;1;1;1;1;1;0
"3356T";0;1;1;0;0;1;1;0;0;0;NA;NA;0;0;2;1;NA;0;1;0;NA;1;0;0;NA;0;1;0;0;1;0;2;1;NA;0;NA;NA;NA;NA;NA;NA;NA
"3360T";1;1;1;1;2;1;1;1;1;2;1;1;1;0;2;1;1;1;1;1;1;1;1;1;1;0;1;0;0;1;0;1;1;1;0;1;0;1;1;1;1;0
"4507T";1;1;1;0;0;1;0;0;1;0;0;1;1;2;2;0;1;0;1;1;1;1;1;1;1;2;1;1;1;1;0;1;1;0;0;0;1;0;1;1;1;1
"1061Q";1;0;1;0;0;1;1;1;1;2;0;1;0;0;0;0;0;1;0;0;1;1;1;1;1;0;1;1;1;1;0;NA;1;0;0;1;0;1;1;1;1;0
"2212Q";1;1;1;0;0;1;1;1;1;1;0;1;NA;1;2;0;1;1;1;1;1;1;1;1;NA;0;1;0;0;1;NA;NA;1;NA;1;1;0;0;1;1;1;0
"3363Q";1;1;1;NA;NA;1;1;1;1;0;NA;1;NA;NA;NA;0;1;0;1;0;1;1;1;1;1;2;1;1;1;1;0;1;1;1;1;1;0;0;1;1;1;0
"4514Q";1;0;0;0;0;1;0;1;0;0;0;0;0;0;NA;0;1;NA;1;0;1;0;0;0;1;0;1;0;1;0;NA;NA;0;0;NA;1;0;0;1;1;1;1
"1064R";1;1;1;NA;NA;0;0;0;0;2;NA;1;NA;NA;NA;1;0;1;0;1;0;1;1;1;NA;NA;1;0;0;1;NA;NA;1;NA;0;NA;1;1;0;0;1;1
"2211R";1;0;1;0;0;0;0;1;1;1;0;1;0;0;NA;0;1;0;1;0;1;1;1;0;0;0;0;1;0;1;NA;NA;1;0;0;NA;0;0;0;0;1;0
"3362R";0;1;1;0;0;0;1;1;0;0;0;0;0;0;0;NA;1;0;0;1;1;0;0;1;1;NA;0;0;0;0;NA;NA;0;0;1;1;1;1;1;1;1;1
"4513R";NA;NA;NA;1;NA;1;1;1;1;0;NA;1;NA;NA;NA;NA;0;1;0;0;1;NA;NA;NA;NA;NA;0;1;0;1;NA;NA;1;NA;0;1;1;1;1;1;1;0
"1063S";1;0;1;0;NA;1;1;0;1;0;NA;0;NA;NA;0;0;0;1;1;0;1;1;1;1;1;0;1;1;1;1;NA;NA;0;NA;NA;1;0;1;1;1;1;1
"2214S";1;1;0;NA;1;NA;NA;NA;NA;0;NA;1;NA;0;NA;1;NA;NA;NA;NA;NA;0;0;0;NA;NA;0;0;1;1;NA;NA;1;NA;NA;NA;NA;0;0;0;0;1
"3361S";1;1;1;NA;NA;1;1;1;0;0;NA;0;NA;NA;NA;NA;1;1;1;0;1;1;1;1;1;0;1;0;0;0;NA;NA;1;0;NA;NA;0;1;1;1;0;1
"4512S";0;1;1;0;1;1;0;0;1;0;0;1;NA;0;0;NA;0;1;1;0;1;0;1;1;1;0;0;0;0;0;0;NA;0;NA;NA;1;NA;0;0;0;1;0
"1062T";1;1;1;1;0;1;1;1;1;0;0;1;1;1;2;1;0;1;0;0;1;1;1;1;0;1;1;0;0;1;2;NA;1;0;1;1;0;NA;NA;1;1;NA
"2213T";1;0;1;0;0;1;1;1;1;1;0;1;0;1;2;1;1;1;1;1;0;1;1;1;0;1;1;0;0;1;0;1;1;1;0;1;1;0;1;1;1;0
"3364T";1;0;1;0;1;1;0;0;1;1;0;1;1;1;2;1;1;1;1;1;1;1;1;0;1;0;1;1;0;1;1;0;1;0;1;1;0;0;0;0;0;0
"4311T";1;0;1;0;NA;0;0;0;0;0;NA;0;1;0;2;0;0;1;0;1;0;1;1;0;1;0;1;1;1;1;NA;NA;0;0;0;0;1;0;0;0;0;1
"1065Q";1;1;0;0;1;1;1;NA;1;2;0;1;1;2;2;1;1;1;1;0;1;1;0;1;1;2;1;0;0;1;0;2;1;1;2;1;1;1;1;1;1;1
"1069Q";NA;NA;NA;NA;1;1;1;1;1;2;NA;0;NA;2;NA;1;1;1;NA;NA;NA;1;1;0;NA;1;1;1;1;1;0;NA;0;NA;1;1;0;1;1;1;1;0
"2216Q";0;1;1;0;NA;1;1;1;1;NA;NA;0;1;0;2;0;0;1;1;0;1;1;1;1;1;NA;0;1;1;0;NA;NA;0;NA;NA;NA;0;1;0;0;1;0
"2220Q";1;1;0;0;1;1;1;1;1;1;1;1;1;2;2;1;1;1;0;1;0;1;1;1;0;1;1;1;1;1;2;1;1;1;1;1;0;1;1;1;1;0
"3367Q";1;0;1;NA;0;1;1;1;1;1;NA;1;0;NA;1;NA;1;0;1;0;1;1;1;1;1;1;1;0;0;NA;0;1;1;1;1;1;1;0;1;1;1;0
"3371Q";1;1;1;0;1;1;1;1;1;2;NA;1;1;0;NA;NA;NA;NA;NA;NA;NA;1;1;1;1;1;1;1;1;1;2;2;1;1;2;1;NA;NA;NA;NA;NA;NA
"4518Q";1;1;1;0;2;1;1;1;1;2;0;1;1;2;2;1;1;0;1;0;1;1;1;1;1;2;1;1;1;1;2;1;1;1;2;1;1;1;1;1;1;0
"1068R";1;1;1;1;2;1;1;1;1;0;0;1;0;1;NA;1;0;1;1;0;0;1;1;1;NA;1;1;0;0;NA;0;NA;1;1;1;1;1;1;1;1;1;1
"2215R";1;0;1;1;1;1;1;1;1;2;1;1;0;1;2;1;1;0;0;1;0;1;1;0;1;1;1;0;1;1;0;NA;1;0;1;1;1;1;1;1;1;0
"2219R";1;1;1;1;2;1;1;1;1;2;1;1;1;2;2;1;1;1;1;1;1;1;1;1;1;2;1;1;1;1;2;1;1;1;1;1;0;1;1;1;1;0
"3366R";1;1;1;1;2;1;1;1;1;2;0;1;NA;2;NA;1;0;NA;NA;NA;NA;1;1;1;1;2;1;1;NA;NA;0;NA;1;1;2;1;1;1;1;1;1;0
"3370R";1;1;1;1;1;1;0;1;1;2;1;1;1;1;2;1;1;1;1;1;1;1;1;1;1;1;1;1;1;1;NA;0;1;1;1;1;1;1;0;1;1;0
"4517R";0;1;1;0;1;1;1;0;1;2;0;0;1;0;2;0;1;1;1;1;0;0;0;0;1;0;1;0;1;1;0;0;0;0;0;1;0;0;1;1;1;0
"1067S";1;1;1;0;2;1;1;1;1;1;1;1;NA;1;2;1;1;0;1;0;1;1;1;0;1;0;1;0;0;NA;NA;NA;1;0;0;0;1;NA;NA;NA;NA;1
"1071S";NA;NA;NA;NA;1;1;1;1;1;2;NA;NA;NA;2;2;1;NA;NA;NA;NA;NA;NA;NA;NA;NA;0;1;1;1;1;NA;NA;NA;NA;0;1;NA;NA;NA;NA;NA;NA
"2218S";1;1;1;NA;1;1;1;1;1;2;0;1;1;2;2;1;1;0;1;0;1;1;1;NA;NA;1;1;0;0;1;0;0;1;NA;1;0;1;NA;NA;NA;NA;NA
"3365S";1;1;0;1;1;1;1;0;1;2;0;1;1;2;2;1;NA;NA;NA;NA;NA;1;0;0;NA;1;1;1;1;1;NA;NA;1;NA;1;NA;NA;NA;NA;NA;NA;NA
"3369S";NA;NA;NA;1;1;1;1;1;1;2;2;1;1;1;2;NA;1;1;1;NA;1;1;0;1;NA;1;1;1;1;1;2;0;1;1;0;NA;NA;NA;NA;NA;NA;NA
"4516S";1;1;1;0;2;1;1;1;1;1;2;1;1;1;2;1;0;1;1;0;1;1;1;1;1;1;1;0;0;1;0;1;1;0;1;1;0;1;1;1;1;1
"4520S";1;0;1;1;2;1;0;1;1;0;0;0;1;1;2;1;1;0;1;1;0;0;0;0;0;0;1;0;1;1;0;0;0;0;0;1;1;1;1;1;1;0
"1066T";1;0;1;0;1;1;1;1;1;0;0;1;1;2;2;1;1;0;1;0;0;1;1;0;1;2;1;1;1;1;2;2;1;0;1;1;1;1;1;1;1;0
"1070T";1;1;1;0;0;1;1;1;1;2;0;1;1;0;2;1;1;1;0;1;1;1;1;1;0;1;1;1;1;1;2;1;1;0;1;1;1;0;1;1;1;0
"2217T";1;1;1;0;1;1;1;1;1;0;0;1;1;1;2;1;0;1;1;0;0;1;1;1;0;1;1;0;0;1;2;0;1;0;1;1;1;1;1;1;1;0
"2221T";NA;NA;NA;0;NA;1;0;0;1;2;NA;0;1;2;2;0;1;0;1;0;0;1;1;1;1;0;1;0;0;1;1;1;NA;NA;0;NA;0;0;1;1;0;0
"3368T";NA;NA;NA;NA;NA;1;0;0;1;NA;NA;0;1;0;2;0;1;1;1;0;1;1;1;1;1;0;1;1;1;1;2;2;0;0;0;0;0;1;1;0;1;1
"4515T";0;1;1;0;0;1;1;1;1;2;1;1;1;0;2;1;0;1;0;0;0;1;1;1;1;NA;0;1;1;1;2;1;0;0;0;1;1;1;0;0;0;1
"4519T";0;1;1;1;1;1;1;1;1;1;NA;1;1;1;2;1;1;0;1;0;1;1;1;1;1;2;1;1;1;1;0;1;1;1;1;1;0;NA;1;1;1;0
"1081Q";1;0;1;NA;0;NA;NA;NA;NA;2;NA;NA;NA;1;NA;0;NA;NA;NA;NA;NA;1;1;1;NA;2;0;1;1;1;0;NA;1;NA;1;1;1;1;1;1;1;1
"2228Q";1;1;0;0;NA;0;1;1;0;0;NA;0;NA;0;NA;0;1;1;1;0;1;1;0;1;1;0;0;1;0;0;NA;1;0;0;0;1;0;0;0;0;1;0
"2232Q";1;0;NA;NA;NA;1;0;0;1;0;NA;0;NA;0;NA;0;0;1;0;0;0;0;1;1;NA;NA;1;0;0;1;0;NA;0;0;0;0;1;1;0;0;1;0
"3379Q";1;1;1;NA;2;1;0;0;1;0;NA;1;NA;NA;0;1;1;1;1;0;1;1;1;1;1;1;1;0;0;1;2;2;1;0;2;1;1;1;1;1;1;0
"4530Q";1;1;1;NA;0;1;1;1;1;0;0;1;NA;0;NA;0;NA;NA;NA;NA;NA;1;1;1;NA;2;1;1;1;1;0;NA;1;0;1;1;0;1;1;1;1;0
"1080R";1;1;1;NA;NA;1;0;0;0;1;0;1;1;0;2;1;1;1;1;0;1;1;1;0;1;NA;1;0;0;0;0;0;1;1;NA;0;0;1;1;0;1;1
"2231R";1;1;1;1;2;1;0;0;1;2;2;1;0;1;2;1;1;0;0;1;1;1;1;1;1;1;1;0;0;1;0;NA;1;1;2;1;1;0;1;1;1;0
"3378R";0;1;1;0;0;1;NA;NA;NA;1;0;NA;NA;0;NA;0;NA;NA;NA;NA;NA;NA;NA;NA;NA;0;NA;NA;NA;NA;NA;NA;NA;0;0;1;1;1;1;1;1;0
"3382R";1;1;1;1;0;1;1;0;0;0;NA;0;0;0;NA;0;0;0;0;0;1;0;0;0;1;NA;0;0;0;0;NA;0;0;NA;0;1;1;0;1;1;1;0
"4529R";0;0;0;0;0;0;0;0;1;1;0;0;NA;0;NA;0;0;0;1;0;0;1;0;0;0;NA;1;1;1;0;NA;0;0;0;0;1;1;1;0;1;0;0
"1079S";1;0;0;0;0;1;1;1;0;1;0;0;0;0;1;0;0;1;1;0;1;0;1;1;1;0;0;0;0;0;2;0;0;0;0;1;1;1;0;1;0;1
"2230S";1;0;0;0;0;1;1;0;0;2;NA;0;1;1;0;1;1;1;1;0;1;0;1;0;1;NA;1;0;0;0;NA;0;0;0;NA;1;0;1;0;0;0;1
"3377S";0;1;1;NA;0;1;1;1;1;2;NA;NA;NA;NA;2;0;1;0;0;1;1;1;NA;NA;NA;NA;1;NA;NA;NA;NA;NA;0;NA;NA;NA;NA;1;1;1;1;1
"3381S";1;0;1;1;0;1;1;0;1;0;1;1;1;1;2;1;1;1;0;1;1;1;1;0;1;0;1;0;0;0;NA;NA;1;NA;0;NA;1;1;1;1;1;0
"4528S";1;0;1;1;2;1;1;1;1;2;1;0;1;0;2;1;1;1;1;1;1;1;1;0;NA;0;1;0;0;0;2;0;0;1;2;1;0;1;0;1;1;0
"4532S";NA;NA;NA;NA;NA;1;1;0;1;2;0;NA;0;NA;2;0;0;1;0;1;0;NA;NA;NA;NA;NA;1;NA;NA;1;NA;NA;0;NA;NA;NA;0;NA;NA;NA;NA;NA
"1078T";1;0;0;0;NA;0;0;0;0;0;NA;1;0;0;0;NA;1;1;0;1;0;0;0;0;1;NA;1;0;0;1;NA;NA;1;0;0;0;0;1;0;0;0;0
"1082T";1;1;1;0;1;1;1;1;0;0;1;1;1;2;2;1;1;0;1;0;1;1;1;1;0;2;1;1;1;1;0;0;1;NA;0;1;1;1;0;1;1;0
"2229T";0;0;0;NA;NA;1;NA;1;NA;1;NA;0;NA;NA;NA;1;0;1;1;0;1;1;1;0;NA;NA;1;1;1;0;NA;NA;1;NA;NA;NA;0;0;1;1;1;1
"3380T";0;0;0;0;0;0;0;0;1;0;NA;0;0;0;2;0;0;0;1;0;0;0;1;1;1;0;1;1;0;1;NA;NA;0;0;0;1;0;1;0;1;0;0
"4527T";0;1;0;NA;NA;1;1;1;1;0;NA;0;0;0;1;0;NA;1;NA;NA;1;1;1;0;NA;0;0;0;1;0;NA;NA;0;0;0;NA;NA;1;0;1;0;1
"4531T";1;0;1;0;1;1;1;1;1;0;1;1;1;1;2;1;1;1;1;1;1;1;1;0;1;1;1;1;1;1;2;2;1;0;1;1;1;0;1;1;1;0
"1073Q";1;0;1;0;0;1;1;1;1;1;NA;1;0;0;0;0;0;NA;NA;NA;NA;1;1;1;0;0;1;0;0;1;2;NA;1;NA;0;1;0;1;1;0;1;1
"1077Q";1;1;1;1;2;1;1;1;1;2;2;1;1;2;2;NA;NA;NA;NA;NA;NA;1;1;1;1;2;1;1;1;1;2;1;1;1;2;1;0;1;1;1;1;0
"2224Q";0;1;0;0;0;1;1;0;1;0;NA;0;0;0;2;0;0;1;0;1;0;0;0;0;1;0;1;1;1;1;0;0;0;0;0;1;1;1;0;0;0;0
"3375Q";1;1;1;0;0;1;1;1;1;0;0;1;1;0;2;1;1;0;1;1;0;1;1;0;0;1;1;1;1;1;0;0;1;1;0;1;0;1;1;1;1;0
"4522Q";1;0;1;0;0;1;0;1;1;2;0;1;1;0;2;0;1;1;1;1;1;1;1;1;1;2;1;1;1;1;2;0;1;NA;0;1;1;1;1;1;1;0
"4526Q";0;1;0;1;0;1;1;0;0;0;0;1;1;0;2;1;1;1;0;0;0;0;0;1;1;0;1;0;0;1;0;1;1;1;1;1;1;0;1;1;1;0
"1072R";1;0;1;1;2;1;1;1;1;2;1;1;NA;2;NA;1;0;1;1;0;0;1;1;0;1;1;1;0;0;1;2;NA;1;1;1;1;0;1;1;1;1;0
"1076R";1;1;1;1;1;1;1;1;1;2;2;1;1;1;2;1;1;0;1;0;1;1;1;1;1;1;NA;NA;NA;NA;NA;NA;1;1;2;1;1;1;1;1;1;0
"2223R";0;1;0;0;2;1;0;0;1;2;0;0;0;0;0;NA;1;1;1;NA;NA;0;0;0;1;0;1;NA;NA;1;NA;NA;0;0;1;0;1;0;1;1;1;1
"2227R";1;1;1;1;0;1;1;1;1;2;0;1;0;1;2;1;1;1;1;0;1;1;1;1;0;0;1;1;1;1;1;0;1;1;2;1;1;1;1;1;1;0
"3374R";1;1;1;1;2;1;1;0;1;2;2;1;NA;0;2;NA;1;1;1;1;0;1;1;1;NA;0;1;1;1;1;2;2;1;1;0;1;0;1;1;1;1;0
"4521R";1;0;0;0;0;1;1;0;1;1;0;0;0;0;1;0;0;1;1;1;0;1;1;1;1;0;1;0;0;1;0;0;0;0;0;1;1;1;1;1;1;0
"4525R";1;1;1;0;2;1;1;1;1;2;1;1;NA;0;2;1;0;NA;NA;NA;NA;1;1;1;0;1;NA;NA;NA;NA;NA;NA;1;1;2;1;1;1;0;1;1;1
"1075S";1;1;1;0;0;1;1;1;1;0;0;0;NA;0;2;0;1;0;1;0;1;0;0;1;NA;0;0;1;1;0;NA;NA;0;NA;0;NA;0;1;1;0;0;1
"2222S";1;1;1;0;1;1;0;0;1;2;NA;1;NA;1;2;1;NA;NA;NA;NA;NA;1;1;1;NA;NA;1;1;1;1;NA;NA;NA;NA;NA;1;NA;NA;NA;NA;NA;NA
"2226S";1;0;0;1;1;1;0;0;1;2;1;1;0;0;2;0;0;1;0;0;1;1;1;0;1;0;1;1;1;1;1;NA;1;1;1;1;1;0;1;1;1;0
"3373S";1;0;1;0;0;1;NA;1;1;0;1;0;NA;0;2;1;1;1;NA;1;0;0;0;0;1;0;0;0;0;0;0;NA;0;0;0;1;NA;NA;NA;NA;NA;NA
"4524S";1;1;1;0;1;1;1;1;1;2;1;1;1;2;2;1;1;0;1;1;0;1;1;1;1;1;1;0;0;1;2;0;1;1;1;1;1;1;1;1;1;0
"1074T";1;0;1;1;2;1;1;1;1;1;2;1;1;2;2;1;1;1;1;1;0;1;1;0;1;2;1;0;0;1;2;1;1;1;2;1;1;1;1;1;1;0
"2225T";1;1;1;NA;0;1;1;1;1;0;0;1;1;0;2;1;0;1;1;0;NA;1;1;1;1;0;1;1;1;1;NA;0;1;NA;0;1;NA;1;1;1;1;1
"3372T";1;0;1;0;0;1;1;1;1;0;0;1;1;0;2;0;1;0;1;0;1;1;1;1;1;NA;1;1;1;1;2;1;1;0;0;1;0;0;1;1;1;1
"3376T";1;1;1;NA;NA;1;1;0;1;0;NA;1;0;1;2;1;1;0;1;1;1;1;1;1;1;1;1;0;1;1;2;NA;1;1;2;1;0;1;1;1;1;1
"4523T";1;1;1;1;1;NA;1;1;1;2;1;1;1;2;2;1;1;0;0;1;0;1;1;1;1;2;1;0;1;1;0;1;1;1;1;1;1;1;1;1;1;0
"1085Q";0;0;0;0;0;1;0;1;0;0;0;1;0;0;0;1;1;1;0;1;0;1;0;1;NA;2;1;1;1;0;0;NA;1;0;0;NA;NA;NA;NA;NA;NA;NA
"1089Q";0;0;0;0;0;1;NA;NA;NA;0;NA;NA;NA;1;2;0;1;1;0;1;0;1;1;NA;0;2;1;1;1;1;0;1;1;1;1;1;1;1;1;1;1;0
"2236Q";1;1;1;0;0;1;1;0;1;0;0;1;1;NA;1;0;0;1;1;1;0;1;1;1;1;0;1;0;0;1;0;0;1;0;0;1;1;1;1;1;1;0
"3383Q";0;1;1;0;1;1;1;1;1;1;1;1;0;1;2;1;1;1;1;1;1;1;1;0;1;2;1;0;0;1;2;1;1;1;2;1;1;0;1;1;1;0
"3387Q";1;1;1;0;NA;1;1;1;1;2;1;1;1;NA;2;0;1;1;1;1;1;1;1;1;1;2;1;1;0;1;2;1;1;1;1;1;1;1;0;1;1;0
"4534Q";1;0;0;NA;0;1;1;0;1;0;NA;0;0;1;NA;NA;NA;NA;NA;NA;NA;1;1;1;1;0;1;1;1;1;NA;NA;1;1;0;1;0;1;1;1;1;1
"4538Q";1;0;1;0;0;1;1;1;1;0;NA;0;0;0;NA;NA;0;1;1;0;0;1;1;1;1;2;0;1;1;0;NA;1;1;0;0;1;1;0;1;1;1;0
"1084R";NA;NA;NA;1;NA;1;1;1;0;1;1;NA;NA;NA;NA;NA;NA;NA;NA;NA;NA;NA;NA;NA;NA;NA;1;NA;NA;NA;NA;NA;0;1;NA;1;0;1;1;1;1;0
"1088R";1;1;1;1;2;1;1;0;1;1;0;1;NA;1;NA;0;0;1;1;NA;NA;1;1;1;1;0;0;NA;NA;NA;NA;NA;1;1;1;1;1;0;1;1;1;0
"2235R";1;0;1;1;NA;1;1;1;1;1;0;1;0;0;2;1;1;1;1;1;0;1;1;0;1;NA;1;1;0;1;NA;NA;1;1;NA;1;NA;1;1;1;1;0
"2239R";1;1;1;NA;0;1;0;0;1;0;NA;1;0;0;NA;1;NA;NA;NA;NA;NA;1;1;1;NA;0;0;1;1;1;NA;NA;1;0;0;NA;0;0;0;1;1;1
"3386R";0;1;0;1;1;1;1;1;1;1;1;1;1;0;2;1;1;1;1;1;1;1;1;1;1;0;1;1;1;1;NA;NA;1;1;2;1;1;0;1;1;1;0
"4533R";1;1;1;0;2;NA;1;1;1;1;2;1;1;0;1;1;1;1;1;1;1;1;1;1;1;0;1;NA;0;1;2;0;1;0;1;1;1;1;1;1;1;0
"4537R";1;1;1;1;1;1;1;1;1;0;1;0;1;0;2;1;1;1;1;1;0;1;1;1;1;NA;1;1;1;1;NA;0;1;1;0;1;0;1;1;1;1;0
"1083S";1;0;1;NA;2;1;1;1;0;1;0;1;NA;1;2;0;0;1;1;0;1;1;1;0;NA;0;1;0;0;1;0;0;1;NA;NA;0;0;1;0;1;0;0
"1087S";1;1;1;1;2;1;1;1;1;2;2;1;1;2;2;1;0;0;0;0;0;1;1;1;1;1;1;1;1;1;2;2;1;1;1;1;1;1;1;1;1;1
"2234S";0;1;0;1;0;1;1;0;1;0;0;1;1;NA;2;0;1;1;1;1;1;1;1;0;0;0;1;0;0;1;0;NA;0;0;0;1;0;1;1;1;1;1
"2238S";1;0;1;0;1;1;1;1;1;1;0;1;0;1;1;1;0;0;0;0;0;1;1;0;NA;1;1;0;0;0;NA;NA;1;NA;1;NA;1;1;0;1;0;1
"3385S";1;0;1;1;1;1;1;1;1;0;1;1;1;1;2;1;1;1;1;1;0;1;1;1;1;0;1;1;1;1;0;0;1;1;0;1;1;0;1;1;1;1
"4536S";1;0;1;0;1;1;NA;1;NA;1;1;1;0;0;2;1;1;1;0;1;0;1;1;1;1;0;1;1;1;0;NA;NA;1;NA;NA;1;0;0;1;1;1;0
"1086T";1;0;1;0;1;1;1;0;1;1;0;1;0;0;2;1;0;1;0;0;1;1;1;0;1;1;1;1;1;1;2;0;1;0;0;1;1;0;0;NA;0;0
"2233T";1;1;1;0;0;1;1;1;1;0;0;1;1;0;1;0;1;0;0;1;0;1;1;1;1;0;1;0;0;1;2;0;1;0;0;0;0;NA;0;NA;1;NA
"2237T";1;1;1;1;NA;0;1;1;1;2;NA;1;1;2;2;1;1;1;1;1;1;1;0;0;1;0;1;1;1;1;2;NA;NA;1;0;1;0;1;1;1;1;0
"3384T";1;NA;NA;NA;NA;0;0;1;1;0;0;0;0;NA;2;0;0;1;1;0;1;1;0;0;1;0;1;1;1;0;NA;0;1;NA;NA;NA;0;1;0;0;0;1
"3388T";1;0;0;1;NA;1;1;1;1;0;NA;NA;0;0;2;1;1;0;1;0;0;NA;NA;NA;1;2;1;1;1;1;0;NA;0;NA;NA;1;NA;NA;1;1;1;0
"4535T";1;0;0;1;NA;1;1;1;1;0;1;1;0;0;2;1;1;1;1;1;1;1;1;1;1;2;1;0;0;1;1;1;1;NA;0;1;1;0;1;1;1;0
"1093Q";1;1;1;1;1;1;1;1;1;0;0;1;1;NA;NA;NA;NA;NA;NA;NA;NA;1;1;1;1;1;1;0;0;1;2;2;1;1;NA;1;1;1;1;1;1;0
"2240Q";1;0;1;NA;0;NA;NA;NA;NA;NA;0;0;NA;1;NA;1;NA;NA;NA;NA;NA;1;1;0;NA;2;0;0;0;1;NA;NA;0;NA;1;1;1;NA;1;NA;NA;NA
"2244Q";1;0;1;NA;NA;1;1;1;1;1;0;1;NA;NA;NA;0;NA;NA;NA;NA;NA;1;1;0;NA;1;1;0;1;1;NA;NA;1;NA;1;1;1;0;1;1;1;0
"3391Q";1;0;0;0;0;1;0;0;1;0;0;1;NA;0;0;1;NA;NA;NA;NA;NA;1;1;1;NA;0;1;1;1;0;0;NA;1;NA;0;NA;0;0;0;0;1;0
"3395Q";1;1;1;0;1;1;0;1;1;2;2;1;1;1;1;NA;NA;NA;NA;NA;NA;1;1;1;1;2;1;1;0;1;2;1;1;1;2;1;1;1;1;1;1;1
"4542Q";1;0;1;NA;1;1;1;1;1;0;2;1;NA;0;NA;1;0;1;1;0;0;1;1;0;NA;0;1;1;1;1;2;NA;1;1;0;1;1;1;1;1;1;0
"1092R";0;0;0;NA;NA;1;1;0;0;0;NA;0;NA;NA;NA;0;0;1;0;1;0;1;1;1;NA;NA;1;0;0;0;NA;NA;0;NA;NA;NA;0;0;1;1;0;1
"1096R";1;1;1;1;1;1;1;0;0;0;2;0;1;1;2;1;1;0;1;1;1;1;1;1;1;1;1;0;0;1;NA;0;NA;1;0;1;1;1;0;1;1;1
"2243R";1;1;1;0;0;1;1;1;1;NA;NA;NA;NA;0;NA;NA;NA;NA;NA;NA;NA;NA;NA;NA;NA;NA;1;0;0;1;NA;NA;0;0;1;1;0;0;1;1;0;0
"3390R";1;0;1;0;0;0;0;0;1;0;0;0;1;0;0;0;0;1;0;0;1;1;1;0;NA;0;1;0;0;0;0;0;1;0;1;1;0;1;0;0;1;1
"3656R";1;1;1;0;0;1;0;0;1;0;0;1;NA;0;0;0;0;1;1;1;0;0;0;1;1;0;0;1;1;0;NA;0;1;1;0;1;0;1;1;1;1;0
"4541R";NA;NA;NA;0;0;1;0;1;0;0;0;1;NA;0;NA;0;NA;NA;NA;NA;NA;1;1;0;NA;0;1;0;1;0;0;NA;1;0;0;1;0;0;NA;1;1;NA
"4545R";1;0;0;0;NA;1;1;1;0;0;0;0;1;NA;0;1;0;1;0;0;0;0;0;0;0;NA;1;0;0;1;NA;NA;0;0;NA;1;0;1;0;1;0;1
"1091S";1;0;1;0;0;0;0;0;0;0;1;1;1;0;2;0;1;0;0;1;1;1;1;0;1;0;0;1;1;0;NA;1;1;0;0;1;1;1;1;1;1;0
"2242S";0;0;1;NA;0;1;0;NA;NA;1;1;0;1;0;1;0;1;1;0;1;0;1;1;0;NA;0;1;0;0;0;1;NA;1;NA;0;NA;0;1;0;0;1;0
"2246S";1;1;1;0;1;1;1;1;1;0;0;1;1;2;2;1;1;1;1;1;1;1;1;1;1;1;1;0;0;1;1;NA;1;1;1;1;0;1;1;1;1;1
"3389S";NA;NA;NA;1;0;1;1;1;1;2;NA;NA;1;NA;2;1;1;0;1;0;1;NA;NA;NA;1;NA;1;0;0;1;NA;NA;1;1;NA;1;NA;1;1;1;1;0
"3393S";NA;NA;NA;0;0;1;1;0;1;1;1;0;NA;NA;1;1;1;1;0;1;0;NA;NA;NA;0;NA;1;0;0;1;NA;NA;0;NA;0;NA;1;NA;1;1;1;NA
"4540S";1;1;1;1;2;1;1;1;1;2;0;1;1;2;2;1;1;0;1;1;1;1;1;0;1;1;1;1;1;1;2;0;1;1;1;1;1;1;1;1;1;0
"4544S";1;1;1;0;1;NA;NA;NA;NA;0;1;1;1;1;2;1;1;1;1;1;1;0;0;1;NA;1;1;0;0;1;NA;NA;0;NA;1;1;0;1;1;1;1;1
"1090T";1;1;1;1;1;1;1;0;1;2;2;1;0;0;2;1;1;0;1;1;1;1;1;1;1;2;1;1;1;1;2;0;1;1;NA;1;1;1;1;1;1;0
"1094T";1;1;1;1;0;1;0;0;1;1;NA;0;1;2;2;0;0;1;1;0;1;0;1;1;1;0;1;1;1;1;NA;0;0;0;1;1;1;1;1;1;1;0
"2241T";0;1;1;NA;0;0;1;1;0;0;NA;0;NA;NA;NA;0;1;1;1;0;1;0;0;0;NA;NA;1;1;1;1;NA;NA;0;0;0;NA;0;0;1;0;1;0
"2245T";1;0;1;0;NA;1;1;1;1;0;NA;1;0;0;NA;0;1;1;1;1;NA;1;1;1;1;NA;1;1;1;1;NA;NA;0;0;NA;1;1;1;1;1;1;0
"3392T";1;0;0;0;1;1;1;0;1;0;0;1;1;2;2;1;1;1;1;1;1;1;1;1;1;2;1;0;0;0;1;0;1;0;1;0;0;0;1;1;1;0
"4539T";1;1;1;0;1;1;0;0;1;2;0;1;1;2;2;1;1;1;1;1;0;1;1;1;1;2;1;1;1;1;2;1;1;0;1;NA;1;0;0;1;1;1
"4543T";0;1;1;0;1;1;1;1;1;0;2;1;1;2;2;1;1;1;1;1;1;1;1;1;1;2;1;0;0;1;2;2;1;0;1;1;1;1;1;1;1;1
"1097Q";NA;NA;NA;NA;0;1;1;1;1;2;0;1;1;0;0;0;0;1;1;0;1;1;1;0;1;1;1;0;0;0;1;NA;1;NA;1;NA;1;1;1;1;1;0
"1101Q";0;1;1;NA;0;1;0;0;0;0;NA;0;NA;NA;0;NA;1;1;1;1;0;1;0;0;1;NA;0;0;0;0;NA;0;0;NA;NA;0;0;0;1;1;1;1
"2248Q";1;1;1;0;0;1;1;1;0;0;0;0;NA;0;NA;0;1;1;1;1;0;1;0;1;1;2;1;1;1;1;2;1;1;1;2;1;1;0;1;1;1;1
"2252Q";0;1;1;0;0;0;0;1;1;2;0;1;1;0;0;1;1;0;0;1;1;1;1;1;1;1;1;0;0;1;2;1;1;1;0;1;0;0;0;1;1;1
"3399Q";1;0;1;0;2;1;1;1;1;2;NA;0;1;1;2;0;1;0;0;1;1;1;1;1;1;1;1;0;1;1;2;1;1;1;0;1;1;0;1;1;1;0
"4546Q";1;0;1;0;0;1;1;1;1;0;0;1;1;NA;2;1;1;0;0;1;0;1;1;1;1;1;1;1;1;1;0;1;1;1;1;1;1;1;1;1;1;0
"4550Q";0;0;0;0;0;0;1;1;1;0;0;1;0;0;0;1;0;1;0;0;1;0;0;0;0;1;0;1;1;1;0;1;1;0;1;1;1;1;1;1;1;0
"1100R";0;1;1;1;1;0;0;0;0;0;0;0;0;0;1;1;NA;NA;NA;NA;NA;1;1;1;1;0;1;1;1;1;0;0;1;0;0;1;1;1;0;1;0;0
"2247R";1;0;1;NA;0;0;0;0;1;0;0;1;0;0;0;0;0;1;1;1;0;NA;1;0;1;0;1;0;0;1;0;NA;1;1;0;0;0;0;1;1;0;0
"2251R";1;0;1;0;0;1;1;1;1;1;0;0;0;0;0;1;1;1;1;0;1;0;0;1;1;0;1;0;0;1;0;0;1;0;0;0;0;1;1;1;1;0
"3398R";1;1;1;1;1;1;1;0;1;1;2;1;1;1;2;1;1;1;1;1;1;1;1;1;1;0;1;1;1;1;2;0;1;1;1;1;1;1;1;1;1;1
"3402R";1;1;1;1;NA;1;1;0;0;2;0;0;NA;NA;1;0;1;0;0;0;1;0;0;1;1;NA;1;0;0;0;0;NA;0;1;0;1;1;1;0;0;1;0
"4549R";1;1;0;NA;0;1;1;1;1;0;0;0;NA;0;NA;1;1;0;1;0;1;1;0;0;0;0;1;1;1;0;0;0;0;1;0;1;1;0;1;1;1;0
"1099S";1;0;1;NA;1;1;0;1;1;0;NA;1;NA;0;2;NA;1;0;1;0;0;1;1;0;NA;NA;1;0;0;0;NA;NA;1;NA;NA;1;NA;NA;NA;NA;NA;NA
"2250S";1;0;1;0;1;1;NA;NA;NA;2;0;1;0;1;2;1;1;NA;NA;1;NA;1;0;0;1;1;1;0;1;0;NA;0;0;0;0;1;1;1;0;1;0;0
"3397S";1;0;1;NA;1;1;0;0;1;2;0;1;NA;0;2;1;0;0;0;0;0;1;1;1;NA;0;1;1;0;0;NA;NA;0;NA;1;1;0;0;1;0;1;1
"3401S";1;0;1;0;0;0;0;0;1;0;0;0;1;0;2;0;0;0;0;0;1;1;1;0;1;0;1;0;0;1;0;0;0;0;0;0;0;1;1;1;1;1
"4548S";1;1;0;1;1;1;1;1;1;2;NA;1;1;2;2;1;1;1;1;0;1;1;0;0;NA;0;1;0;0;0;0;NA;1;NA;1;1;0;1;0;1;0;0
"4552S";1;1;1;1;1;1;1;1;1;2;0;0;1;2;2;1;0;1;0;0;0;1;1;0;1;1;1;NA;0;1;2;0;1;0;1;1;1;0;0;0;0;0
"1098T";1;1;1;0;0;1;1;1;1;0;0;1;1;2;2;1;1;0;NA;1;1;1;1;1;1;2;1;0;0;1;0;2;1;1;1;1;1;0;1;1;1;0
"1102T";1;0;0;NA;NA;NA;NA;NA;NA;NA;NA;1;0;0;NA;0;0;0;0;1;0;1;1;0;1;0;0;1;1;0;NA;NA;1;NA;NA;1;1;0;1;0;1;1
"2249T";1;1;1;1;0;0;0;1;1;0;0;0;0;NA;0;1;1;1;1;1;1;0;1;1;1;0;1;1;0;1;0;0;0;NA;NA;0;1;1;0;0;0;1
"3396T";0;0;0;0;0;1;1;1;1;0;0;1;NA;2;2;1;0;1;1;0;0;1;1;1;NA;0;1;1;1;1;0;0;0;NA;1;0;0;1;0;0;1;1
"3400T";1;1;1;NA;0;1;1;1;1;1;0;1;1;0;2;1;1;0;1;1;0;1;1;1;1;1;1;1;0;1;2;1;1;NA;0;NA;1;1;0;1;1;0
"4547T";0;1;0;0;1;1;1;1;1;0;0;0;0;0;2;1;1;1;1;1;0;1;1;1;0;2;1;1;0;1;0;NA;0;0;1;1;0;1;1;1;1;1
"4551T";1;0;0;0;0;1;1;0;1;1;0;0;1;0;0;1;1;1;0;1;0;0;0;1;1;NA;1;0;0;0;NA;NA;0;0;0;NA;0;NA;NA;1;NA;NA
"1105Q";1;1;1;0;0;1;1;0;0;1;0;0;0;0;1;0;0;0;0;1;0;1;1;1;1;1;1;1;1;0;2;0;1;1;1;1;1;1;1;1;1;1
"2256Q";NA;NA;NA;NA;2;0;1;1;1;0;0;1;NA;0;2;NA;1;0;1;0;1;1;1;1;NA;2;0;1;1;1;0;1;1;0;0;1;1;1;1;1;1;0
"3403Q";0;0;0;1;0;1;1;0;1;1;0;1;1;NA;2;0;1;1;1;1;1;1;1;0;0;0;1;0;1;1;2;1;1;1;NA;1;0;1;1;1;1;0
"3407Q";1;1;1;NA;0;1;1;1;1;1;0;0;0;0;NA;0;1;0;1;0;1;1;1;0;1;2;1;1;1;1;2;2;1;1;0;1;1;1;1;1;1;0
"4554Q";0;0;0;NA;NA;1;1;0;1;0;0;1;NA;NA;NA;1;1;1;1;0;1;0;0;1;0;NA;1;0;1;0;NA;NA;1;NA;NA;NA;1;1;1;1;1;1
"1104R";1;0;1;NA;1;1;1;0;0;NA;NA;0;NA;1;NA;0;1;0;0;0;1;1;1;0;NA;0;1;0;0;1;NA;NA;0;0;0;NA;0;1;1;1;1;0
"2255R";1;1;1;1;0;1;1;1;1;2;1;1;1;1;2;1;1;0;0;1;1;1;1;1;1;2;1;0;0;1;1;1;1;1;1;1;0;1;1;1;1;1
"3406R";1;0;1;1;0;1;1;1;1;0;0;1;NA;2;1;0;1;1;1;1;0;1;1;0;1;0;1;1;1;1;0;0;1;0;1;1;1;1;1;1;1;1
"4553R";1;1;1;NA;2;1;1;1;1;2;0;1;NA;1;0;0;NA;NA;NA;NA;NA;1;1;1;NA;0;1;1;1;NA;0;NA;1;0;1;1;1;1;1;1;1;0
"4557R";0;1;0;NA;NA;1;1;1;1;0;0;1;NA;NA;0;0;1;0;1;0;1;1;0;0;1;NA;1;0;0;1;NA;NA;1;0;0;1;0;1;1;1;1;1
"1103S";1;1;1;0;1;1;1;1;1;2;NA;1;0;0;2;1;1;1;1;1;1;1;1;1;1;1;0;1;1;1;2;NA;1;NA;0;1;1;1;1;1;1;0
"1107S";1;1;0;0;0;1;0;0;1;NA;0;1;1;NA;2;1;0;1;0;0;0;1;1;1;1;0;1;NA;NA;NA;NA;0;1;0;0;1;0;0;0;1;1;0
"2254S";0;1;1;NA;2;1;1;0;1;1;NA;0;NA;1;2;1;0;1;0;0;0;1;0;0;NA;1;0;0;0;1;NA;NA;0;NA;NA;NA;0;1;0;0;1;1
"3405S";1;1;1;1;1;1;1;1;1;2;0;1;1;2;2;1;1;0;1;1;1;1;1;1;0;0;1;0;0;0;1;0;1;1;1;1;1;1;1;1;1;0
"4556S";1;1;1;1;0;1;1;1;1;2;0;1;1;NA;2;0;1;1;0;0;0;0;0;0;1;NA;1;0;0;1;1;1;1;0;0;1;0;0;0;1;1;1
"1106T";1;1;1;0;0;1;NA;1;NA;NA;NA;1;0;0;2;1;1;0;1;1;0;1;1;0;1;1;1;0;0;1;0;2;1;0;NA;1;0;1;0;0;1;0
"2253T";1;1;1;0;1;1;1;1;1;1;0;1;0;0;2;1;1;1;1;0;1;1;1;1;1;1;1;0;0;1;1;0;1;1;1;1;1;0;1;1;1;0
"2257T";1;0;0;1;1;1;1;1;1;1;2;1;0;2;2;1;1;0;1;1;1;1;1;1;1;2;1;0;0;1;2;1;1;1;1;1;1;0;1;1;1;0
"3404T";NA;NA;NA;0;0;NA;NA;NA;NA;NA;NA;1;0;1;2;1;1;1;1;1;1;1;NA;NA;1;0;1;1;1;1;2;1;1;0;1;1;1;1;1;1;1;1
"4555T";1;0;0;NA;1;1;1;1;1;2;NA;1;0;0;2;1;1;1;0;1;1;1;1;1;1;1;1;1;1;1;2;NA;1;NA;0;1;1;1;1;1;1;0
"1109Q";1;0;1;0;0;0;0;0;0;1;0;1;0;NA;NA;NA;NA;NA;NA;NA;NA;1;1;1;0;0;0;0;0;0;NA;NA;1;0;1;NA;NA;NA;NA;NA;NA;NA
"1113Q";0;0;0;0;0;1;1;1;1;1;0;1;NA;0;2;NA;NA;NA;NA;NA;NA;1;1;1;1;0;1;0;0;1;1;NA;1;NA;0;1;0;1;1;1;1;1
"2260Q";1;1;1;0;0;1;1;1;1;1;NA;1;NA;NA;2;0;NA;NA;NA;NA;NA;1;1;1;0;2;1;1;1;1;2;2;1;NA;0;1;0;1;1;1;1;1
"3411Q";0;0;0;0;0;1;1;1;1;2;0;1;0;0;2;0;1;0;0;1;0;1;1;0;1;0;1;0;0;1;NA;1;1;0;0;1;0;1;1;1;1;0
"4558Q";1;0;1;0;NA;1;1;1;1;0;0;1;1;0;1;1;1;0;0;0;0;1;1;1;0;0;1;1;1;1;0;0;1;0;0;1;1;1;1;1;1;1
"4562Q";1;0;1;NA;NA;1;0;1;1;1;NA;NA;NA;NA;NA;1;0;0;1;0;0;1;1;0;NA;1;1;1;1;1;NA;NA;1;0;1;1;NA;NA;NA;NA;NA;NA
"1108R";1;1;1;0;1;1;1;1;1;2;1;0;NA;0;1;0;1;0;1;0;1;1;0;1;NA;0;1;1;0;1;NA;0;0;1;0;1;0;1;1;1;1;0
"1112R";1;1;1;0;0;1;0;0;1;0;0;1;0;0;0;1;0;1;0;0;1;1;1;1;1;0;1;0;0;1;0;0;1;0;0;1;0;1;1;1;1;1
"2259R";0;0;0;0;0;1;0;0;1;0;0;0;1;0;0;0;0;1;0;1;1;1;1;1;1;0;1;0;0;1;0;1;0;0;0;0;1;1;0;0;0;1
"2263R";1;0;0;NA;NA;1;1;0;0;1;0;0;NA;0;NA;0;1;0;1;0;0;1;1;1;0;0;0;1;0;1;NA;NA;1;NA;0;NA;1;0;1;1;0;1
"3410R";1;1;1;1;NA;1;1;0;1;0;0;0;NA;NA;0;NA;0;1;1;0;1;1;0;0;NA;NA;1;0;0;0;NA;NA;0;1;NA;1;NA;1;1;1;1;0
"4561R";0;1;1;1;1;1;1;1;1;2;1;0;0;1;2;0;1;1;1;1;0;0;0;0;1;1;1;1;1;1;0;2;1;1;0;1;0;1;1;1;1;0
"1111S";1;0;1;0;NA;1;1;1;1;1;0;1;0;NA;2;1;1;0;1;1;0;1;1;0;1;1;1;1;0;1;NA;NA;1;0;0;1;0;1;1;1;1;1
"2258S";1;0;0;0;0;0;1;1;1;0;0;1;NA;0;0;0;1;1;0;1;0;1;1;0;1;0;1;0;0;1;0;0;1;0;0;1;0;1;1;1;1;0
"2262S";0;0;0;NA;NA;1;1;0;NA;NA;NA;NA;NA;NA;NA;NA;NA;NA;NA;NA;NA;1;1;1;1;NA;1;1;1;1;NA;NA;NA;NA;NA;NA;NA;NA;NA;NA;NA;NA
"3409S";1;0;0;0;0;1;0;1;1;0;0;0;0;0;2;0;0;1;0;0;0;1;1;0;1;0;0;1;1;0;0;0;0;0;0;0;0;1;1;1;0;1
"3413S";1;1;1;0;0;1;0;0;1;1;0;0;0;0;2;0;1;0;1;0;1;1;0;1;1;0;1;0;0;1;2;0;0;0;0;0;0;1;1;1;1;1
"4560S";1;1;1;0;0;1;1;1;1;0;1;0;1;0;2;1;0;1;1;0;1;0;1;1;1;0;1;1;1;1;NA;0;0;NA;0;1;1;0;1;1;1;0
"1110T";1;1;0;NA;0;1;1;0;0;1;0;0;1;0;2;1;0;0;0;0;1;1;0;1;1;0;1;0;1;1;NA;NA;0;0;0;1;0;1;1;0;1;1
"2261T";1;1;1;0;0;1;0;0;0;1;0;0;1;2;2;0;1;0;1;0;1;1;1;1;1;1;1;1;0;0;2;1;0;0;1;1;1;0;0;0;0;0
"3408T";1;1;1;0;1;1;1;0;1;1;1;1;1;1;2;1;1;0;1;1;1;1;1;1;1;1;1;1;1;1;NA;NA;1;1;0;1;1;NA;1;1;1;0
"3412T";0;0;NA;NA;0;1;NA;NA;NA;0;NA;0;0;1;2;0;0;NA;NA;NA;NA;NA;NA;NA;1;1;1;0;NA;NA;NA;NA;0;0;1;1;NA;0;NA;1;NA;NA
"4559T";1;0;0;NA;NA;0;0;0;0;1;0;1;0;0;2;0;0;0;1;0;0;1;0;0;NA;0;1;1;1;1;0;1;1;NA;NA;1;0;0;1;0;1;1
"1117Q";1;1;1;0;2;1;0;1;1;2;NA;1;1;2;2;0;1;1;1;1;1;1;1;1;1;2;1;1;1;1;2;NA;1;0;2;1;1;1;1;1;1;0
"2264Q";1;1;1;1;0;1;1;1;1;0;2;1;1;0;2;0;1;1;1;0;1;1;1;1;1;2;1;0;0;1;2;0;1;1;2;1;1;1;1;1;1;0
"2268Q";1;NA;NA;NA;1;1;0;1;1;1;0;1;NA;2;2;1;NA;0;NA;NA;NA;1;1;1;1;1;1;1;1;1;2;NA;1;0;1;1;1;1;1;1;1;1
"3415Q";0;0;0;NA;0;1;1;1;1;1;0;1;1;0;2;1;0;1;0;0;1;1;1;0;1;1;1;0;0;1;1;1;1;0;0;1;1;1;1;1;1;0
"4566Q";1;0;1;0;1;1;1;0;1;2;0;1;0;0;NA;NA;NA;NA;NA;NA;NA;1;1;0;NA;1;1;1;1;1;2;NA;1;NA;0;1;1;1;1;1;1;0
"1116R";1;1;0;0;1;1;1;1;NA;2;2;1;0;1;2;1;1;1;1;1;1;1;0;1;1;1;0;1;1;1;2;NA;1;0;1;1;1;1;1;1;1;0
"2267R";1;1;1;1;2;1;1;1;1;2;0;1;1;2;NA;1;1;1;1;0;1;1;1;1;NA;2;1;1;1;1;0;NA;1;0;2;1;1;1;1;1;1;0
"3414R";1;1;1;0;NA;1;0;0;1;2;1;0;0;NA;0;0;0;1;0;0;1;0;0;0;0;NA;1;0;0;1;1;NA;1;0;NA;1;1;0;1;1;1;0
"3418R";1;0;1;1;2;1;1;1;1;2;2;1;1;1;0;NA;0;1;1;0;0;1;1;0;NA;NA;1;0;0;1;NA;NA;1;1;1;1;1;1;1;1;1;0
"4565R";1;1;1;1;1;1;1;1;NA;0;0;1;1;1;2;1;1;1;1;1;1;1;1;1;1;1;1;1;1;1;NA;NA;1;0;2;1;1;1;1;1;1;0
"1115S";0;1;0;0;2;1;0;0;1;2;0;1;0;2;2;1;0;1;1;0;1;0;0;0;1;0;0;1;1;1;NA;0;0;NA;2;0;1;1;1;1;1;1
"1119S";1;1;1;0;0;1;1;1;1;1;0;0;0;0;1;0;0;1;0;0;1;0;1;1;1;0;1;0;0;1;2;0;0;0;0;1;1;0;1;1;1;1
"4568S";1;1;1;NA;1;1;1;1;1;2;1;1;1;1;2;1;1;1;1;1;1;1;1;1;NA;1;1;0;0;1;2;NA;1;0;1;1;0;0;1;1;1;0
"1114T";1;1;1;0;1;1;1;1;1;1;NA;0;1;2;2;1;1;0;1;1;1;1;1;0;1;2;1;1;1;1;2;1;1;0;1;1;1;1;1;1;1;0
"1118T";0;1;1;1;0;1;1;0;1;2;0;1;1;2;2;1;1;1;1;1;1;0;0;1;1;0;1;1;1;1;2;0;0;1;0;1;1;0;1;1;1;0
"2632T";1;1;1;0;0;1;0;0;1;0;0;1;1;0;2;1;1;1;1;1;1;1;1;1;1;1;1;0;0;1;1;0;1;1;1;1;0;1;1;1;1;0
"2269T";1;1;1;1;0;1;1;1;1;2;1;1;0;2;2;1;1;0;1;1;0;1;1;1;1;2;1;0;0;1;2;2;1;1;2;1;1;1;1;0;1;1
"3416T";NA;NA;NA;NA;1;1;1;0;1;0;NA;1;0;2;1;0;1;1;1;0;1;1;1;1;1;1;1;0;0;1;2;0;0;0;0;0;0;0;1;1;1;0
"4563T";1;1;1;1;2;1;1;0;1;0;2;1;1;2;2;1;1;1;1;1;1;1;1;1;1;2;1;1;1;1;2;1;1;1;1;1;1;1;1;1;1;0
"4567T";0;1;1;NA;0;1;0;1;0;1;0;1;1;0;0;0;1;1;1;0;1;1;1;0;0;NA;1;1;1;1;1;NA;0;NA;NA;NA;0;0;1;0;1;1
